Customer ID,Age,Gender,Location,Monthly Plan,Data Usage (GB),Voice Usage (Minutes)
85,0,B,Hernandeztown,19,70.26813783478157,64.76318868435499
65,98,A,East Stephaniemouth,5,0.29351360656750813,71.25442273426908
73,17,D,Emilyton,89,95.32980149048957,77.19695517414559
89,32,C,New Justinfort,81,32.818744922039286,36.86678492612515
65,83,D,Mercermouth,32,75.89466926571004,57.356806972970396
78,76,A,South David,47,20.663327768204752,14.780782474266086
27,61,C,Lake Elainemouth,80,93.79626045145636,58.70484210039335
92,59,C,West Nicole,71,80.72342060728168,74.70266544054371
15,27,C,East Marissaburgh,43,92.38592499578586,32.63562657078813
56,51,B,Lake Edwardside,46,82.82977149809341,91.00621832959041
69,69,B,Martinezchester,60,81.16909632266572,63.844162458270674
65,88,C,Waltersland,78,45.03812882614325,80.40906401652269
79,71,D,Phamton,35,28.651203829742055,55.97048297192606
95,36,C,Dawnberg,72,43.02940705333243,60.03741271874817
79,51,B,West Vincent,72,67.16684133830681,55.51756808965872
64,0,D,Lake Jessicastad,35,68.06585837200618,67.91994977129525
98,99,B,Richardsonhaven,52,84.86819962930848,76.76899114373616
3,76,C,Nicholasport,78,6.032382511846879,1.8582004439395172
21,10,D,New Steven,48,51.187893154597006,75.20557690695814
7,1,B,Jordanview,36,69.31080557579699,30.562060088831345
16,69,B,New Jamesville,50,54.34614477726017,78.63108164077389
28,79,B,Sanchezmouth,9,49.719625266635326,99.62654185603498
65,29,B,Port Beth,48,89.99707524943578,96.51552219815544
42,25,C,Castrohaven,40,45.05025441721081,62.2312382177669
12,92,C,Vanessaton,70,54.81795017941183,90.4423773114311
3,66,B,Port Carlaborough,4,43.942178470505475,62.38127295495997
71,22,D,Justinchester,20,10.64359700805313,0.1669068667316309
62,82,A,Port Ericborough,20,26.523779894717702,0.5962102160657956
42,84,A,Lake Ronaldside,83,21.41758564996461,9.723560927905229
70,20,C,Michaelbury,12,70.3527589533722,60.37751526505551
81,69,B,Cooperchester,53,44.96776176827346,40.194505502477796
4,1,A,New Lee,77,37.99751656945528,90.50009460461375
98,61,B,Parkermouth,64,15.772292548249256,47.96840459022501
2,3,A,Jeanstad,4,7.341040767692897,90.50276151654111
70,84,B,East Stephanieburgh,41,90.30414723412066,0.8234115578474865
16,65,A,Robertberg,42,19.601274562135906,48.12600908110775
45,19,B,East Aprilshire,61,11.468056463962773,49.35428171259628
26,79,C,North Sharonmouth,86,17.26108649258148,49.90261971782888
60,19,D,Mullenberg,40,84.89089465673825,93.30520571893479
69,82,C,Warrenberg,77,84.68654126034049,73.8716824104772
0,88,D,Theresaberg,1,30.993633006098886,87.38389066425607
12,7,B,Lake Juan,92,42.82753586831397,19.648317522845737
3,59,C,Dianeton,6,79.88151799446904,55.91055958327566
73,15,B,Port Nicoleberg,78,88.14696958011673,31.593736974837693
81,75,B,Sanchezton,86,53.20494338384961,28.184865646231483
34,84,D,Port Jenniferberg,28,61.60217662674321,26.080117444964714
91,41,B,Wheelerview,57,8.3916691274871,27.11298641737445
99,45,A,Deborahville,34,24.858636513346333,58.23424259146097
87,89,C,Wendyburgh,7,82.07902952209002,37.46092824168227
82,97,D,Richardshire,84,49.508703933772345,48.355955748821785
24,6,C,Jacquelineberg,96,85.53865654188225,73.19750886573223
30,76,C,New Marisaside,25,88.81219414041777,88.01030705954295
55,49,D,Baldwinshire,78,66.29333707304558,39.61111116864543
98,52,D,New Michaelport,79,16.31574935392519,58.56689855375563
50,85,A,Medinamouth,77,95.63145996591143,66.42186065098555
10,34,B,West Emilytown,93,51.734026555427214,13.730944000336454
97,45,D,Haleyville,35,27.869124240020927,23.703340046616816
49,7,D,North Lauren,32,37.128184342397,96.36902489203817
12,51,B,Rodriguezville,25,60.43145529176762,25.100618963579723
71,2,C,East Mark,38,49.280573841337,11.254074952509285
0,11,A,Pittstown,6,34.864152810488356,96.27801099476659
43,71,B,Gonzaleston,83,79.66846819378658,1.1294311714103444
51,10,C,Frankhaven,13,66.71915921247204,68.09290864142025
52,28,D,South Haleyside,76,69.41962846192024,42.09204533363481
97,77,A,South Thomaschester,27,7.677836765600155,68.33442058499661
17,46,B,Markburgh,20,65.21000376770382,79.44553444916191
42,86,B,Port Frances,1,41.35234223879017,85.7656649282284
43,28,A,South Matthewborough,61,92.50395186308477,20.52844063921405
76,5,A,Lake Meganside,25,55.86081291132069,38.75860601264974
97,50,D,Jerryborough,91,23.616950669057367,48.141247937584055
51,59,D,Danielville,5,71.80502331897894,54.448488839512954
21,13,D,Port Nicole,66,10.054444850219479,69.27788099416128
11,69,B,Gonzalezview,99,78.54321200044889,5.851842873108093
7,57,A,Herringberg,9,37.88804085973001,57.59208756015424
44,18,C,Ralphborough,89,28.6245743825976,34.35251960400616
87,78,C,West David,27,60.58715114346314,40.25454806419128
19,37,D,Katelynstad,29,9.968354575909766,63.233602574640955
55,14,C,Lake Emily,0,44.499518225473246,40.73335777771341
16,24,B,South Amyborough,35,80.69761237024863,82.18160235501813
23,29,D,Cliffordview,53,79.81932159326217,76.85505068945211
99,2,A,Montgomeryville,14,11.111235602601678,65.07034576885597
5,50,B,West Stephanie,35,80.19248316899706,93.49132754793283
64,85,D,New Kayla,18,25.152119766056913,81.32559533010975
82,47,C,Krystalfort,69,86.03259705548035,64.36869360103005
17,80,B,Martinezport,89,89.87686603945063,82.5902809250309
27,56,C,North Andreaberg,8,90.05219643295732,66.14397555483534
28,38,A,East Michael,61,7.732392442620261,91.06869393705534
10,93,C,Daviesport,72,88.73038830372651,87.88074436341412
18,60,C,Garciastad,13,64.1610542728613,35.07441000653969
12,69,A,Christopherborough,26,94.84422693016519,26.64564369817529
92,40,A,Aaronburgh,72,48.755732096129314,74.81087222834847
30,18,A,New Brookeburgh,54,26.231720267483105,71.91324744188111
69,34,D,Murraytown,95,5.2094637364956125,36.75181544066181
73,33,A,West Edward,52,70.60673303988791,83.20394598538743
44,37,B,Clarkland,48,19.360208488773456,56.38482845138847
74,98,D,New Felicia,16,91.49269628963869,55.95426960531579
4,88,C,Port Jacquelineside,18,31.226598894945834,21.238540949153307
29,25,B,West Mariahberg,95,8.060843996262768,9.24766607992632
30,38,D,East Kristamouth,81,49.03591751382644,72.692112031181
6,40,A,Richardberg,7,58.25030354961075,44.50277000523546
26,81,C,Lake Mariaside,23,19.469164055484512,26.649075929182253
44,34,C,Kristifurt,22,39.44474193693661,87.87565262834043
22,36,C,Trevinostad,22,80.8923260448091,11.201100220001559
34,55,D,Riveraborough,9,73.72914249700958,0.2870705008490182
16,42,C,New Amyton,53,93.88754072091987,19.080779267560676
55,6,B,Raybury,62,80.8176331906121,64.48063496314207
62,91,D,Danielland,42,20.92057955497204,15.997832146170133
45,63,C,Port Kimberly,63,17.141593536384867,33.774480422648246
27,8,D,Gonzalezborough,21,34.52255581701825,78.45891927217468
94,51,B,North Tylerhaven,18,92.23741360601728,80.5864640776442
58,7,C,Gilesport,1,9.493371514953353,88.8860434560441
30,52,A,Whitetown,31,9.607702612713497,3.091487267530768
4,93,D,Hernandezmouth,26,33.637720720861786,32.53082238112781
15,80,C,Joshuaville,77,29.906877250004204,52.46484801856008
82,96,A,Port Laurenborough,75,75.12528767251627,10.582161737830898
24,97,B,Zacharyfort,50,74.82713813366912,67.43591525277705
14,23,D,Martinezshire,35,73.40573036870161,43.427380235568634
79,65,C,Stephanieborough,8,84.31777668477658,62.66927382830383
66,25,A,North Warren,68,39.27513752866071,47.654893286283084
91,88,B,Crosbyshire,59,54.785944286917555,69.49638098710554
19,99,A,Nicholsonbury,61,52.58224054330732,5.26517425644113
37,76,B,Markville,18,88.3232316500448,88.76743106081332
8,30,C,Lake Bobbyshire,39,53.77418088282586,31.230723787352545
0,57,C,Youngfurt,55,85.60244321303723,93.60980602297819
48,64,C,Dennisside,83,95.11427339552768,16.223871932798485
25,53,B,Port Jessica,0,30.701524611192323,69.36164046499185
35,0,C,Andrewshaven,10,84.79552822730602,21.18246930859361
25,42,C,Simmonschester,85,91.83517099534647,49.9214486554653
1,28,B,Lake Jeffrey,5,64.08688755525044,95.95879366240277
33,87,C,West Robert,30,62.67036838833787,13.536174675995127
15,25,C,West Kenneth,47,85.55450798555816,89.96961387500556
39,26,B,North Gary,41,5.819539115827432,91.27064548558232
97,63,D,Heatherport,98,17.4655896315667,66.58526679742832
81,26,B,North Marcus,81,51.97563817201703,31.602122825300683
71,98,B,Edwardsmouth,76,45.013130695287664,58.280317010112334
1,88,D,Lake Emilyton,2,3.4625130011424976,26.558031542006155
17,55,B,West Thomas,71,68.43182477398699,56.78782593706112
40,46,D,Jonesmouth,43,46.98322666495679,40.721441533105484
98,55,D,East Monicaton,62,10.612838506312706,62.47479834966335
14,69,A,South Andrea,75,45.35106132112635,34.617205459080324
24,13,C,Harrisbury,41,87.0541520491152,80.61722298522834
22,36,B,Williamsfurt,78,31.608159619192833,92.34233921085618
13,23,B,South Carolynburgh,90,11.186459073624977,80.99073890138187
64,21,D,East Carrieport,86,20.093353799691947,55.84992402191457
72,75,C,Catherinehaven,92,43.80939141174211,31.821623574909786
95,20,A,Deborahhaven,99,12.690574217360428,59.19874359860696
46,93,C,Evansfurt,4,32.195471698587674,17.01627441845497
84,14,C,Timothyport,34,15.426890476330946,43.902697633237054
20,23,A,Port Jonathanstad,33,14.035949186651642,52.14589250735139
22,74,A,Lake Jeanette,96,17.963711423348638,76.40468619572587
98,41,A,Taylorport,14,52.96881898276409,76.7325512971077
6,53,C,North Sandy,84,48.2657541712251,49.19591962127438
5,81,C,East Joyce,10,1.452757539880145,62.25169822504858
32,64,D,Stacyberg,51,32.87342328183753,89.08814249691257
13,48,C,Andrewsborough,87,28.104434522660526,39.91689115613076
1,61,D,Port Robertberg,77,11.197093740643883,79.22821617672773
25,89,D,Barrerachester,51,15.338993303000969,75.72571117542148
33,71,C,Port Wyattland,34,23.06155306212799,78.79705676983151
77,61,C,Rodneyport,73,26.82628193925115,22.354731588701593
82,82,D,West Joanna,92,74.93892954079465,41.46155677107804
47,8,A,New Kimberlytown,32,81.32801395015885,38.68094480923359
15,21,C,Kellyport,26,8.636145787314176,47.955185934501024
72,64,C,Garciaport,66,37.79949854716812,97.7977663404144
1,15,A,Lake Stevenmouth,96,67.7758452005367,82.92857661667583
81,64,C,Lake Shelly,89,49.92046194846679,39.8754644999219
31,30,B,East Gregoryville,1,66.06411816077575,77.56455610929453
0,23,C,Samanthamouth,4,94.56671380169098,59.60524381399126
63,6,A,Scottberg,92,76.50962062658512,83.49516471544084
63,76,A,Kimberlyberg,28,2.0674776841266063,99.88205088471004
20,40,D,Hartmanland,42,23.63140449996176,29.07419026497702
9,74,D,East Kim,15,95.6119872819651,7.61778355244318
29,97,A,West Barbaraport,89,79.28186517409598,34.96519388177038
31,18,C,Antoniobury,87,52.714685772868485,73.61801251809901
77,60,B,Port Daniel,43,61.23947842917078,28.089484734687666
24,25,D,Smithbury,65,53.842220126130215,4.391015491690553
58,1,B,Paulafurt,88,25.068143007361332,31.643599398126344
41,6,B,North Victorport,74,66.50955198513691,67.59493988418583
79,5,D,Port Williamborough,76,82.97306035233302,68.56857152090606
72,76,A,Victortown,46,62.13758732839949,44.79446560595085
62,0,D,Lake Carolbury,60,10.79872691095074,19.665123369884128
6,98,B,Angelahaven,46,41.3487588421245,34.73464443156762
84,83,A,New Travisburgh,33,67.2055771842947,12.097769027333104
11,52,D,West Kristina,42,59.323066639662194,18.12439556441179
83,46,C,Zacharyfort,33,80.8506391245584,94.07080457274957
63,68,A,North Stephanieburgh,98,7.826896386986382,15.52018967197164
17,24,D,South Christine,46,90.47356454217213,4.527959780159019
60,66,B,Goodmanfort,24,24.27983623715241,72.9602424618076
52,84,B,Deniseton,99,48.30837343671125,97.00142072965048
45,38,A,Port Thomasstad,78,22.564593828468816,53.44755568090166
78,74,B,Hudsonhaven,97,88.61466619922493,16.234145706146343
91,70,B,Bellshire,65,78.15949862801439,0.6409395748664282
54,29,B,Gregoryville,30,32.879090838720174,78.25291706716938
97,26,B,North Leslieview,44,45.22071507827923,38.294515920851325
28,73,D,Lake Teresa,88,91.95900323202078,93.94684468022318
82,16,B,North Davidchester,18,21.340784789065438,77.78220506904937
51,75,B,Steventon,40,22.297415002897537,90.43057847909652
12,30,D,Kevinview,89,81.57045842493243,37.36653338223851
75,94,C,Heathermouth,89,95.64946043391623,42.29784908124491
35,1,A,Port Josemouth,44,77.57889652865678,13.067915647915118
58,84,C,West Susanchester,68,6.236858460394723,30.96314133462702
83,99,C,West David,58,21.362109405903084,65.99681771785897
49,58,C,East Markchester,16,83.21874932358018,40.97288642844782
4,70,D,Vaughnborough,48,36.43100875236621,21.698628339814185
77,10,C,New Mark,90,45.66482678532806,72.50043561284902
84,64,A,Lake Chad,70,19.296563158498813,87.04748821367542
72,79,D,New Shannon,72,45.75542276324664,68.04310027134727
51,54,D,North Williamhaven,57,80.19803997956613,71.58485339278245
3,68,D,Wongmouth,49,19.957675775219176,40.08287203699421
19,77,B,Edwardston,22,43.40331691310064,1.425732389914014
74,61,C,West Michelle,25,22.416828149995194,76.24517908719866
62,11,C,West Michaelstad,85,85.4440466722237,70.69762334745906
45,28,B,Jennabury,51,83.44812121223893,64.35029723518613
54,39,B,Cruzchester,28,24.768752301850185,1.1478258612527714
98,48,C,East Christine,4,10.958706761231053,28.69742198266475
89,99,D,Sharonport,5,83.79553677477084,73.44295087163334
28,18,D,Lake Kellyville,57,11.87165498161984,51.186990687859236
81,50,D,West Kristimouth,61,10.939714709425752,40.41151906325875
0,7,B,Lake Chadmouth,52,48.780869389823735,51.216567626322885
50,55,B,New Ann,38,46.703745638251526,36.640529930193686
49,30,A,Thomasbury,34,94.16156530530955,38.82653150991759
43,5,B,East Sharon,63,37.36512268557597,72.3710393289244
52,76,D,Greenhaven,80,34.7862960164928,40.54639220911878
80,14,C,Lunaville,68,47.64175157764598,80.18203286188306
80,62,A,Porterchester,94,52.15858243190957,15.797798899191696
36,21,C,South Joshuatown,4,79.74453749234031,24.015165147131732
78,93,B,Robertville,15,40.13570098196938,18.713360979825254
90,30,A,East Larryberg,14,36.93197169530566,65.45296465453474
59,15,A,East Regina,74,31.913060295804108,75.11803381218434
62,31,C,Port Richard,74,63.11211867427845,19.80137145722294
64,46,D,West Wendy,49,39.22883461134511,6.455913993167806
96,11,B,Webertown,83,31.766749038990326,68.97381544084405
31,90,C,Claytonhaven,59,97.81895078322466,70.19670295532006
96,7,D,Justinville,62,79.33991517785614,48.07297710754066
66,56,C,North Diana,93,70.79596700025822,47.00891131832006
35,62,A,Evansfurt,36,82.35919022462573,40.21595109098492
73,78,A,Tinabury,61,80.99282466697476,19.55923352078387
99,36,B,Kennethmouth,14,21.39623358791487,90.41758529791241
79,79,B,Danielmouth,87,60.987938417502185,17.001203913001483
57,3,B,North Mirandaview,21,52.63414643469536,60.36543053512221
28,21,B,Johnside,61,75.29003511910716,86.37828255722813
16,58,D,Bradleyville,66,22.320737315297745,99.74596687033886
64,42,D,Savannahborough,65,32.276589225093545,44.201772459717546
92,46,A,Chelseabury,82,33.178546869950765,18.98837827024885
44,57,C,Amandaport,74,55.76757418768652,23.37955081671185
99,75,A,South Michelestad,70,62.42909070115816,99.29990304242992
29,53,C,Joshuaport,97,71.89448822999286,25.695238361769256
52,43,C,New Michael,48,1.375817665973711,44.51919792149205
86,92,D,East Mitchell,72,62.28082171057484,85.98131229846213
34,49,A,West Reginafort,95,52.62894661960538,99.17277589638906
95,24,B,East Laurenville,91,5.036210261912222,43.89616087196675
64,70,B,Wallport,20,95.22018109952126,62.957131160890576
60,67,C,Angelaside,55,78.24587892129752,72.81493114271252
19,22,B,North Andrewbury,90,0.8212292298798163,80.05961115124752
18,50,D,Lake Kathyville,74,73.28402652493811,78.98304010946616
1,68,A,Tamaraview,55,82.29757553766942,99.3186744827416
97,4,A,North Wesley,95,24.095933497081077,56.574388659619125
74,74,A,Craigville,71,56.76154807021814,50.04639932564753
0,49,A,Deckerborough,52,85.71842578591698,29.160915119730536
1,31,D,Jacquelineborough,78,17.48798361327989,60.527232254979715
32,28,B,Port Donaldton,36,77.36964691555687,17.578924821189013
59,63,B,Lunaview,32,23.72195853796011,15.477273476250431
40,43,C,Benjaminton,66,42.465803722843454,67.58204638489563
29,74,C,Pittmanhaven,46,65.36851107303497,41.6128621513943
49,85,D,New Lisachester,69,79.87410550577214,53.433506661315114
56,6,C,South Charlesfort,43,41.87066319184767,96.2736746491039
66,73,C,Stacyborough,74,21.35636717907924,67.14396239883078
73,56,B,Lake Jeffreyborough,79,73.42174034580519,38.09673812387506
40,42,A,Martinstad,37,97.0111420512869,42.37186389947914
61,16,A,East Christine,73,80.66341047788214,40.95387634400406
61,56,A,South Andrewburgh,91,11.809084669136672,51.147239563423
89,80,B,Amyville,50,98.23849064573893,81.72367742729175
11,0,D,New Kathy,79,71.89836833096285,75.78849193922885
1,46,D,North Jeffrey,47,89.74217858600365,37.315372340909505
83,50,C,Connorhaven,78,93.94275692040324,7.7868893072569945
27,44,A,North Kenneth,37,95.20712286170905,85.26842028402864
28,30,A,South Josephfurt,59,88.56744553383068,90.55160877467918
85,52,D,Paulburgh,43,35.77615452778238,78.26424704081046
57,80,D,South Marco,22,18.120096011438214,93.99326425489895
4,92,C,East Paulport,10,76.2137574196305,88.11365970720308
42,84,D,Armstrongshire,33,81.5092695277422,19.72353019117318
3,60,B,Harrischester,11,98.91065874303983,33.1048796421783
30,89,B,East Saraville,90,53.3585097415014,34.815935216102
27,89,A,Alexanderberg,97,50.86789519875449,74.9553250704661
21,52,B,Wolffurt,57,66.3040225208399,24.41047272022989
57,91,D,Lake Adrianfort,36,10.356044572355561,5.15542142430121
19,1,C,East Steven,79,22.78946580091651,10.747385166488
19,31,D,Andrewton,90,75.28881893287405,67.87407198474162
36,70,B,Kevinborough,60,79.0390983282758,92.28610201412245
11,93,A,West Jonathan,30,84.9671527957448,46.43161144027347
28,4,D,Shaunview,5,95.36930478378628,46.317112231092196
84,58,A,East Tanner,73,60.05292325112925,0.4313483153534192
13,42,A,West Cherylview,26,84.86953651713122,49.599232245739785
31,90,B,Margaretton,87,42.770542788847486,45.60711756473063
23,12,B,Port Nathan,33,1.213158782261592,50.31929866319592
16,42,A,Port Kristina,68,66.95870593447256,6.71955837511804
32,28,C,Michaelfort,61,12.719171988797473,39.44674044210449
47,53,D,Georgehaven,34,96.20313575032498,2.925721689991012
15,46,A,Fitzgeraldberg,1,95.64261733166433,97.64974992962274
0,6,D,Ashleyfort,49,58.81021011570009,7.123840170143636
44,0,A,New Paige,9,18.35965122132085,42.68447909800061
27,42,D,West Kimberly,18,75.60598919071089,45.81565852270019
44,54,B,South Carol,24,33.79863612724245,82.55478240281566
10,39,A,Port Samantha,24,20.5601422205251,32.50176591430287
39,60,D,Rebeccachester,21,68.91205787488029,48.39543330369717
5,2,C,New Danatown,43,28.991992355566865,4.6876356054907475
80,22,B,Bartonmouth,24,93.94942605975119,60.149667159302524
47,69,C,Port Erichaven,72,93.84029024524312,4.61449337109473
26,49,B,North Robert,57,92.56299584853905,9.948264488177315
83,0,C,New Lisaborough,6,65.93496838828726,44.8739775193846
16,42,A,South Latashaport,7,23.361999325270787,2.5186320134883866
48,61,D,New Sheri,78,56.84120734650476,83.61674403368569
67,26,D,Kelleyland,14,10.559274747118186,59.10678334426185
9,68,A,Joannport,47,17.23032136595586,54.8259642902626
23,74,C,New Waynemouth,53,81.7926728160272,92.60301813325877
92,80,A,South Jaimeshire,28,58.1673194331737,64.10345591553957
92,44,D,Port Philip,86,29.775329270790486,43.85470247894545
47,96,D,Clarkfort,88,3.4030773697071193,54.23772494144383
70,20,B,Chasetown,40,19.863051762156825,28.591862575372083
59,0,D,New David,56,33.696268586283104,51.66049674139806
65,49,D,Port Courtney,33,63.86266550689626,98.07232733874659
91,10,D,Weberberg,11,69.13360157526348,97.5034818816535
95,66,A,New Conniemouth,88,94.25106319621108,45.05844494148883
76,56,B,Gravesport,23,58.07020441537901,33.714786561723955
11,86,D,Brianamouth,51,12.160300293636062,82.61260549764596
10,13,B,Jasminefort,37,57.37122545570102,0.7803364488188969
56,58,D,Port Russell,26,22.730779060319428,22.516071914158797
37,43,A,Port Samuelview,40,54.00920120376347,16.455204018362735
14,9,C,Craigton,69,83.248378714597,13.73564063566356
85,76,A,Sandraberg,78,49.88146716234982,35.530305791626674
56,33,C,West Brandonport,38,78.02277058628734,5.75746706752569
8,7,D,Lake Patriciamouth,40,94.68822161454996,45.05104067721243
6,82,C,Lake Kimberlyfurt,28,87.21526950085749,35.90664497460929
19,94,D,North Johnburgh,96,9.950552014164915,56.00045731488981
52,69,B,East Anthony,55,94.96927118255437,9.502747378722143
69,14,D,Lake William,96,97.61294939604241,58.84900339723881
10,77,D,Timothyfurt,21,38.6506427781571,37.606935595424105
83,33,B,Lisaville,13,66.49560950755364,90.27446135190402
60,43,B,New Davidbury,67,30.66614786020657,52.77779998667621
11,74,A,Tylermouth,21,65.3325654243246,78.88426335880246
39,2,B,Lake Dorothyton,7,29.853673089984866,72.076068653513
75,91,B,Whitestad,35,5.705539484754574,5.558875069639068
72,39,B,South Steven,34,32.03072833276824,90.02539695144588
53,89,D,Nathanfort,95,53.22185653234705,61.48083365886308
48,44,B,North Christinaside,63,88.827552371101,91.7334616791761
6,81,D,Leefort,12,77.48185580624335,47.853592293550705
67,87,C,South Christopherview,10,22.73671662240828,31.162476668287475
81,19,C,Migueltown,64,19.80972856376859,89.81352354119184
40,52,B,Port Carolynport,69,66.0804264338993,21.718920318537837
61,55,C,Davidchester,55,61.24894299102367,68.33510985030571
41,78,B,Timothyville,5,32.29288080841466,85.15188813642126
5,97,C,Duncanberg,30,6.438900976039729,35.642983130112995
89,57,B,West Joseph,28,57.350090553278264,80.30848961230225
64,8,A,New Shawnport,34,13.32981755732522,54.40081460246288
8,37,B,South Melissashire,51,84.30425725135552,58.99827527412527
42,39,C,Loganfurt,3,91.20216468513055,27.486403312174456
58,2,B,Shannonborough,41,60.862218924491685,67.60580195760664
93,15,A,Dodsontown,23,55.712913059411015,75.52356384848594
69,20,D,New Josephmouth,53,99.5914588605487,99.96323382711122
19,66,C,Aprilville,3,35.44231871033412,67.25083524786162
82,62,B,South Jason,41,56.20045803218744,40.803136894939065
33,52,B,Sanfordborough,28,31.03807897517753,23.40225759146879
94,36,A,New Chelseyfurt,61,59.68452656022678,21.017682971470077
19,43,D,Port Michaelborough,70,34.97997378574662,10.17050416848292
30,73,D,South Jilltown,0,58.25603852282038,89.89119315754911
9,10,B,Salazartown,55,27.852968207688466,26.98145805645671
50,40,B,North Vanessa,18,43.389060969036045,67.7999579044504
14,38,A,Johnstonhaven,1,78.19585926187433,75.54041516260435
66,79,B,Scottton,51,43.079510193527845,76.92227687788332
1,47,A,Angelfurt,9,95.48824073266692,29.22114405920988
16,16,A,West Elizabethchester,32,4.524514320118378,73.63945137207104
12,81,C,West Angela,87,31.001071540841696,16.67651954956233
29,94,C,Port Michael,5,45.64614847658345,17.213296228040008
95,76,B,Melissaborough,71,75.08595084036463,32.097266980033766
90,71,C,South Joseph,59,85.88397692277037,68.28902808865853
18,73,B,Lake Gregory,94,81.9719709530701,30.598401003469654
2,33,D,Lake Julialand,83,35.09674866673622,93.90562341504466
6,85,C,Barneschester,14,65.44244611615659,36.213423939425596
80,51,D,East Ashleymouth,26,9.900815634383676,22.411096621836613
80,37,A,East Timothytown,64,55.08451136337833,89.6320177583657
70,81,A,Lake Thomasland,79,43.21517092069068,77.51798669008616
28,27,C,Royland,98,66.69617571083558,88.17348199293605
30,0,C,Shawton,95,98.62106925741352,61.690324050776425
58,2,D,Thompsonhaven,22,52.1011019571597,4.134667363753152
67,26,A,Longfurt,2,90.10402498533122,9.593993254309364
99,99,C,Dominguezhaven,41,43.07512975414674,37.56895238871335
2,80,D,Allisonchester,91,80.05282066282949,16.793867760360627
31,35,D,Danielsfort,49,93.81442671590426,97.75797566114584
97,79,A,East Karenstad,46,34.196454229399095,64.4823668242226
52,42,A,Lake Carl,88,77.25581878921676,36.254870834582206
94,15,C,Lake Carlville,31,47.35633131409851,93.39199602486859
56,44,D,Julietown,99,19.99358043953943,7.469538761055439
58,2,C,Dixonfurt,77,57.20639997804987,9.43982413456127
88,80,A,Robertton,79,19.896079867258564,75.34576916396114
30,25,D,Lisastad,51,5.540399135455454,14.722026631185237
16,17,B,New Tina,50,20.414031897853302,56.23030613808406
34,75,B,Loganside,45,76.59308108923258,39.938900434357706
14,91,D,Youngbury,9,3.5620939564107834,81.98839391375186
64,17,B,Ashleyland,52,66.75417935909792,7.394486457751381
58,29,C,Walshbury,59,87.46809853507072,3.0250608742516283
13,26,B,Heathertown,56,64.54300469944747,52.391827087917605
94,22,C,East Robert,40,97.87994168051128,91.12441590136058
58,2,A,New Christopher,53,45.85401590981113,47.751972128350076
45,97,D,Lake Keithbury,90,44.536293829906,42.894520592027575
8,77,A,Heatherfurt,31,17.371757136176523,34.2214262055162
79,2,C,Allenton,65,95.10793846660678,87.25146389238925
42,86,B,Atkinsonland,66,79.8238155358344,49.28531946263598
74,55,D,Lake Mary,83,82.21782815484143,31.3423421853815
63,90,B,Annburgh,11,55.67072785339031,44.474739805125154
51,56,B,Petersenstad,24,94.1994056189767,4.466741203530001
67,56,D,North Daleshire,39,9.69312854628358,13.396437035492536
6,77,D,Davisview,28,16.282767888182914,79.060764754722
10,80,D,South Taylorchester,24,72.39901756263633,15.09464997238662
59,6,B,South Tara,35,31.32405143547429,18.594602470675582
39,30,C,Hannahhaven,17,98.34666336131892,25.829279478860034
21,94,C,Richardport,6,66.7896752966527,68.75514504500923
96,84,C,South Jaime,37,83.74350914364102,11.691894392522173
0,56,C,Bryanland,82,45.984649976631154,1.1274781840779347
26,8,B,Joelburgh,66,14.34238116540908,33.29067602029365
52,12,D,Port Latoya,87,78.51387650073622,28.811844427464518
36,69,C,North Tonychester,94,61.80573515329297,73.07845852078881
78,76,D,West Sarahbury,93,43.18722336271568,86.86744160196491
90,39,C,Lake Tracey,22,70.68773742097682,69.87584441940477
70,97,A,Dianaville,0,58.67010788541265,94.20085082722682
59,36,D,Baileyhaven,25,51.21841540635816,10.104292889529386
21,87,C,Patriciatown,90,13.079902606764149,57.305285683536326
4,69,C,Courtneyberg,66,0.16668656862059983,9.412631440376195
41,57,B,East Jenniferfort,71,57.606412742703284,51.93340006436743
10,84,B,New Mark,58,9.680248796274215,21.53407054461728
12,38,C,Lake Melissa,11,37.71154383648822,37.84627297241347
25,25,A,Livingstonside,19,24.37017660784935,93.75970950197247
5,77,C,Kirstenberg,20,80.82988284150292,66.78721499089245
2,38,D,Port Carriechester,68,2.3081416122685217,31.435086435992154
40,77,C,Meaganmouth,85,14.1546947085616,47.324697604683976
0,35,D,Smithchester,46,67.69934156527681,88.55146643100433
22,79,D,South Vincent,97,94.20804434146865,27.913041154174255
93,50,B,Zimmermanmouth,14,84.57432347707271,56.75583860669787
2,43,B,Lake Lisachester,77,32.36951151473042,51.47490322285109
94,82,D,North Amandafurt,76,21.80764704107826,41.703449410067265
87,16,A,Lake Brianhaven,51,82.73987471352659,87.96741534098908
73,13,B,Micheleborough,53,77.55060559174441,7.225194530697465
66,20,A,Port Annetteburgh,61,64.57567696571715,21.426404037810432
24,57,B,Lake Tracy,28,40.353367040213314,61.116846326152455
91,35,B,South Victoriaview,68,73.5000978562623,74.93928231985865
82,46,A,Stevenchester,99,85.05960722493565,28.916354097112805
8,50,A,Meganstad,10,68.19394737684694,13.645402701485775
4,64,C,South Amanda,73,14.716718025591625,39.83220742023339
64,6,B,West Leah,51,30.273644461407258,3.4120088627312306
83,31,D,Rachelborough,76,25.868111939234208,15.66148872090356
96,18,D,Jennifermouth,64,25.91508550464382,50.9209738071114
74,35,B,Kyleshire,53,7.9228394314661665,28.51479644153748
23,89,C,Grahambury,45,22.1790158732323,7.42582489372775
7,81,B,Jamesburgh,88,61.26197552786522,49.752645098781535
44,9,A,Katelynmouth,47,95.33268279465314,77.43401776770563
18,25,C,Brianborough,11,77.98392409047466,72.60138826289891
17,2,D,New Derrick,97,34.87949069668673,16.368365412500165
19,24,B,North Jacobtown,26,83.3198292824354,85.61322725828961
89,80,B,Mcdonaldstad,5,11.460701856069733,38.3997085145976
86,55,A,Lake Bryanside,23,31.24577006969926,76.33000091471958
92,86,A,Stonefurt,36,90.54263152020299,92.20402140916248
19,92,D,Adkinsshire,37,52.03700539420516,45.736972330825644
99,49,A,South Jennachester,60,0.5336196070325538,71.83606858994489
74,31,C,West Jeanside,26,51.8106069568695,31.231318181158663
88,69,B,East John,87,25.150928771987246,73.44936239007566
46,65,C,Morenochester,3,61.95848920764241,80.61439049449076
61,83,D,Foxbury,98,77.26398434510753,77.21814140142247
78,91,D,North Dana,15,98.97845304472446,31.659901100772213
68,83,D,Jenniferberg,31,66.35080508912355,50.73116694025818
70,66,D,East Mariabury,93,65.24333332292532,24.471258220324167
29,90,D,West Andrewshire,25,8.398617085621474,83.35556697381683
71,77,A,Garciashire,53,17.80970452927857,23.01289961508933
78,46,B,Amandamouth,5,24.16881163843354,58.49787465327558
9,97,B,Rebeccatown,46,27.437296623417275,83.63254411677829
11,49,B,Jonton,97,67.20175744484077,12.106064101274228
50,46,B,Ramirezfort,5,37.012817010468325,20.514029692215686
61,66,C,Mooreport,73,17.468729869382027,86.03466837295504
89,88,C,Maryland,35,50.82642858843184,40.52613147357141
63,85,C,Maryview,27,15.707527345295858,37.81466739843105
0,23,C,Kimshire,87,62.532311425475775,84.53926143196375
20,59,A,Jillside,83,1.3330488080999014,1.4241581742636678
79,33,C,Bennettmouth,86,22.507986586219676,31.622426650240598
89,59,C,South James,32,97.17298148266507,37.288461506608925
87,95,A,Lake Donaldbury,92,26.467435372396274,64.97474273985017
73,48,A,Bakerside,56,75.9799813296428,49.131024115584
12,89,B,Lake Valerie,59,64.8968567749106,91.38900432628398
69,16,C,Joyceland,98,96.39067991874613,53.42220377439553
90,80,B,Port Randallville,38,91.70700471860442,28.58084328761058
28,46,B,Jasonbury,99,85.46109234950596,46.78412493347801
84,85,B,East Richardchester,11,5.732914544827661,46.72635636089284
87,13,D,Lewisland,44,66.12198896487429,64.27689848731663
93,77,D,New Kenneth,29,32.149300815724146,43.34004447225944
88,4,A,Doughertyborough,19,13.463928568940208,22.009485635311286
27,70,C,Ortizville,43,15.688324827661127,22.93027702818161
99,64,A,Austinland,46,33.43929489334393,9.51706008497184
88,1,D,Port Tony,95,95.45062686686185,31.861535795995067
43,48,D,West Ryanburgh,4,36.79843055121148,46.79533191618591
5,34,C,Blackchester,31,60.115944298405424,78.22221779665766
69,54,D,Kristenborough,20,47.67660542906766,64.00292565696529
76,64,B,Robertmouth,45,53.266388789971316,95.14004395602136
8,46,D,Josephville,39,23.941725147176605,10.180096253523384
30,62,B,Angelaland,89,40.66632575490816,7.448543624233284
11,46,C,North Karenton,0,20.41108639258551,22.310709949398888
97,80,D,East Christinastad,49,84.26084449273816,84.68824388369578
47,25,C,Scottborough,84,51.328314847490034,90.42683772783664
76,37,C,Grantmouth,67,32.848050399563,17.947063183634214
52,98,A,Montgomerymouth,98,49.82156500881372,72.092413119279
11,45,C,New Marcusview,37,3.9791036100815913,52.469908022254685
45,54,C,New Christianmouth,80,4.901500336005871,86.12334873157064
80,0,D,East Meghan,38,19.10807846579141,65.41603626887847
40,79,D,West Aliceside,60,64.23310227369157,38.24448118652663
79,36,C,Lake Jillianbury,2,35.523064085812294,91.58610227338026
91,63,A,East Cindy,55,45.58917562525841,64.51098825559846
30,61,C,South Dawntown,74,14.41452281266934,2.8978609766637575
78,91,A,North Ann,51,72.69353434939026,99.83689968764648
10,72,A,Mcmillanmouth,78,13.293086117982266,36.53178188212074
29,89,B,East Dawnton,67,8.169166152342866,14.05564894076119
38,57,C,New Matthewfurt,12,24.64609704168491,84.2678433816329
93,46,A,Oneillton,95,34.700676004827734,20.919981191865944
53,71,A,Karaport,53,42.105328984812175,75.49710862280348
87,90,A,New Seth,15,35.2896527560805,44.74279046908436
66,89,A,Millerville,4,76.1810712826134,17.595316365642866
24,2,C,Nicholaston,64,20.153375176929366,58.71441869659204
16,72,B,South Johnland,81,43.20522282687561,19.4896691927532
44,17,B,North Daniel,22,91.51494960335738,93.52980660608637
0,73,A,Port Denise,1,85.11934474198475,40.197044527156734
79,99,D,North Christineport,22,7.515541315108532,84.22349811447661
18,28,C,Port Cherylbury,86,89.0470812513046,95.03146145593112
35,17,A,Danielland,38,29.941944050466528,14.927647983620218
85,52,D,Jessicaburgh,24,66.23115067067107,76.17018806908224
97,71,C,Port Williamside,84,58.7040186647238,22.360235923408744
77,85,C,Franktown,24,8.533725388406154,66.83985685530067
27,46,D,Duarteberg,86,16.13911720943276,89.56809854473047
78,32,C,Davieshaven,6,4.1769540233958065,25.123459622452916
39,77,D,Burnettburgh,11,15.461639318552688,34.706264900802154
48,85,C,West Michelle,78,13.874899708314937,42.35702373593829
52,8,A,West Jaime,4,90.96196040794659,21.17106851261916
13,88,B,Torresstad,78,0.07344870675308757,35.58318267810421
96,32,B,Sarahport,45,61.53275187940539,66.93371019870935
49,6,C,New Jose,32,55.663380487526304,45.935602270958064
63,96,B,North Danielview,19,24.700854542007267,88.67222505436746
26,68,C,North Cameron,13,85.11256446273899,92.19545411675362
43,40,C,East Christopherport,25,60.64602124595113,18.093497536631276
17,8,A,Barrymouth,2,52.296807358768284,80.03298044840096
59,51,D,New Jeffreymouth,14,59.734837284482,25.067382888616375
68,15,D,South Alisonstad,65,7.666998293765115,76.60271010193678
22,29,B,Danielshire,40,61.43538981577352,17.124508501055267
38,52,D,Kellyshire,79,93.56874152292066,82.65567303667723
69,54,A,West Billy,60,74.06536521896426,66.22110355590529
99,87,A,Lake Lindsey,95,56.923394490096044,0.008554830184759332
83,48,B,East Adam,86,0.2613017233828785,37.39455931702833
36,7,C,Jensentown,14,75.12016411920969,54.69460113970279
1,29,D,New Baileyberg,23,92.12981582293544,88.88297031877005
48,91,D,Evanside,34,89.97258527754653,94.63497601643506
93,84,D,Mitchellville,41,78.45855730871158,1.1292399958034327
33,99,B,Ginafurt,15,84.90253991409436,99.30981713136684
88,99,C,Heidichester,85,70.37212406541369,86.47614715481218
75,59,C,Lake Andrew,50,0.9438339528714867,5.74448337991501
19,4,C,Harrisfurt,28,1.171800927867761,89.59250061954066
60,96,B,Elliottmouth,86,69.00636350105997,98.27976096904851
25,42,C,Smithberg,59,65.92523055155287,87.17962641482768
63,29,A,Monicastad,75,58.262024513861796,47.54681638604975
8,84,A,Vargasville,71,12.831211497798744,21.921824178554207
99,15,B,Angelicafort,14,80.56858520239165,51.87851129541099
92,23,D,New William,62,82.76237666253924,96.58638223488144
54,79,C,Christophermouth,53,36.25322099009417,33.653143528139985
23,10,B,Harriston,35,44.68024659480122,22.077868539728662
88,79,D,New Jenniferton,92,23.84675052459524,19.122947095727973
93,82,B,Georgehaven,3,45.15544946527772,60.320016722116364
79,85,B,Laurieburgh,28,30.044905858228997,63.03688163909298
73,9,C,East David,81,38.77740871105155,72.84402886145152
19,40,C,West Johnborough,48,64.91054555865458,16.658168023424658
42,82,B,South Christopher,49,1.2979482055369473,44.00753490001198
54,97,C,Parrishfurt,35,69.33296006041668,4.332016786096493
7,78,D,South Andreatown,25,62.005348123828256,82.15538298609731
41,88,C,North Jason,81,85.21445009894205,24.801826517448
65,97,B,Salaston,10,75.31828196304431,19.739463931873612
35,11,C,Katrinaland,81,13.884985029032926,68.37024075784596
91,68,A,Port Ryantown,85,73.35768040809259,47.92783467850587
83,11,A,Carterhaven,86,31.549234621355293,24.094585692196613
24,11,D,East Jeremyfort,43,68.77560668797092,70.95475651667795
34,73,A,Lake Mackenzie,34,15.370742635728874,99.4095480753826
24,52,B,New Christophermouth,97,14.404992109807747,26.876806466017
56,69,C,Lake Wendy,5,16.21683681609356,35.47593829887911
66,65,A,Leeburgh,65,4.539289684160963,0.02181448537619257
26,97,C,Davisfurt,8,1.8545887683018125,73.07544047372502
61,97,A,Rogersbury,32,17.97622213016359,85.91757918496349
1,52,C,Tinamouth,70,43.05683880665001,1.4493639705451478
58,74,C,East Monica,65,3.766898075221081,89.07237136548109
76,22,D,New Jillberg,62,34.19713592281484,84.44173005399833
68,0,B,West Michael,29,2.548272017079589,18.803265370760215
12,15,D,East Aimeeburgh,10,17.80596324355993,82.07598197193987
65,46,B,East Terri,66,3.719653079758345,81.6824529944039
4,15,A,Karinaside,74,59.81569064836209,82.22998020152933
6,49,C,Mosesside,78,94.35089436096571,27.733826656705386
7,45,B,New Bill,0,89.49218886550642,34.153762981353054
52,70,A,Justinhaven,1,95.20609785114787,13.759326283720174
2,43,B,New Shawnside,11,28.021065520986966,62.46986043666596
96,90,C,Jillbury,77,50.11216358119371,31.301958593600922
90,98,A,Robinchester,57,64.88460324806792,16.032781061812397
10,56,B,New Mark,42,19.17394571746144,71.87127464817827
65,45,C,Lake Tonyachester,20,27.229495596645904,68.71782353891938
5,6,B,Scotttown,9,41.68118043303537,0.4168976916121947
3,20,C,East Tonyatown,86,44.54494890364342,47.03217774192539
69,61,C,West Richard,0,73.57009721799665,6.525299080062796
45,82,D,West Jillianfort,39,40.37946993873748,20.954404126256076
66,3,B,Karaburgh,7,31.111117999830917,57.92214974159956
8,54,A,South Jackborough,81,97.63786321037917,75.90052823102017
47,45,C,East Kayla,57,19.047858716832245,7.134665665087003
11,5,A,Griffinhaven,41,55.411097600622604,63.47371307920461
10,3,A,Robertborough,38,61.836484241337764,48.099671698435266
69,94,B,East Johnbury,58,91.93529326856003,80.90653899594945
68,22,B,Port Amyfort,91,30.403050890002227,49.14255394762672
75,12,C,Jacksonborough,38,90.80918853954003,39.848607084259925
1,10,C,Debraville,6,20.72937609391039,34.94611026355861
65,25,B,Johnberg,98,67.47746451590496,69.05124842348911
60,83,D,Hickschester,7,9.68912561991232,63.71124068498698
74,37,B,Michaelfurt,94,89.97935626777182,36.535971871789066
56,6,A,Williamsfort,21,81.07806990500261,84.15998801590864
55,86,A,South Sara,88,83.88092389608931,69.47667539854797
5,50,D,Haneystad,91,7.446700866370437,83.30638975016747
30,71,C,Levihaven,25,51.93861055640476,41.25855779155187
51,17,A,Gonzaleztown,67,85.84841974532772,11.311688609007863
82,11,D,North Staceyfurt,15,55.1224773502264,58.75528868382809
76,62,B,Port Christopher,94,12.155037958533798,30.909066914530648
17,83,A,Randallton,59,45.73036654381758,20.80009739844577
44,7,A,Johnsonmouth,62,73.44376591980952,33.13567400514642
83,5,B,Wyattmouth,29,87.24532003800924,22.190334626001473
88,44,C,Churchfort,38,27.385059330604854,87.67703924115716
76,36,C,Port Davidburgh,56,21.908789551606354,82.03054466357541
40,14,A,Lonniehaven,92,18.420185062872708,8.250885857600853
59,46,B,South Steven,73,52.370678363466226,46.80734023690771
8,60,A,New Timothy,62,7.931834019190587,1.9147404324411865
64,86,D,Simsshire,64,16.34035355918364,93.1450388766736
91,81,C,North Matthew,16,79.58121486653648,66.00629336832688
63,33,A,New Stephanie,21,88.36507534964286,72.73725430543482
76,86,C,West Laurentown,54,91.34156606465096,34.98351194735573
69,36,A,West Amy,5,26.286451933136778,61.965220233789
94,36,B,Lake Joshuamouth,41,1.5122184686228612,69.53782327012328
38,23,B,Ellisfort,21,43.48221909799567,38.849445766345056
4,99,C,North Rachelmouth,78,52.43880276475858,80.04015267800952
55,21,A,Jennamouth,5,37.775978217837114,4.531067790136456
99,31,A,New Sean,90,70.1464192137314,13.071086210904848
73,85,C,North Tammy,33,30.171069781482363,86.74914554018926
13,73,B,Port Roybury,85,64.58147111577007,46.880600259957596
86,29,D,North Natashaport,81,50.28181207190108,29.77377200189234
72,58,C,East Victorchester,96,27.506213921109925,7.573210894976235
43,27,B,Johnport,26,77.57076666484393,84.22895095694875
23,72,C,Andrewland,71,49.47415783154317,78.73885134142732
89,76,B,Espinozaton,36,16.60376161409285,98.80747089734545
85,99,A,East Karen,60,71.25326153174555,46.79332433007451
92,73,D,West Vincent,97,92.14944016396188,40.484295750093416
68,11,D,Jessicaton,37,58.426964388922244,94.55290027935878
40,3,D,Darrenview,90,26.439838162798925,87.36735181284914
97,64,B,Reginaldborough,49,99.43515086335243,49.84158958629179
59,87,A,Matthewborough,79,90.89497994850997,88.58902483549821
62,23,D,Matthewside,90,86.60808837648926,47.42900210028667
1,28,A,Sethfurt,31,20.582969416455853,32.26776377172956
42,40,D,East Aprilfurt,96,17.140930265861797,21.824359720318252
64,72,A,Whiteview,26,48.47902596272746,79.92249950193346
25,26,D,Martinezhaven,24,31.12114546164968,18.820929918825414
20,23,A,Ruizstad,95,62.534699118870506,39.07244003688657
31,99,C,Hernandezberg,54,92.77262406642235,11.077111072937596
7,82,D,Wallerton,72,74.35565496541679,9.505871309781199
46,97,C,Allentown,30,91.52132277161758,12.42616347519313
53,89,D,Port Thomas,26,3.9180824849291085,67.12103197432262
70,37,B,South Andrea,46,34.0504202741995,62.71180625112763
6,57,D,North Monicaville,98,95.25666254614318,24.43818173626702
42,28,A,East Michael,80,41.65960747956932,68.51078631265716
20,55,B,West Susan,91,36.77587523551695,27.868290252103044
96,87,B,South Johnport,83,92.81535651871053,43.453647589815404
59,57,B,South Michelle,37,19.849170423625285,61.3670711335921
40,22,C,Tracyland,80,4.13138126537752,19.519904339754245
56,40,B,Jamesmouth,30,16.77813877757498,15.34113064993724
61,17,D,Brianmouth,52,30.860023827327975,94.34148384933543
98,15,A,North Dale,76,67.70010170792638,94.86291398396114
25,91,A,North Patrick,71,70.46033610875105,46.80693968643621
99,99,D,East Michellebury,80,51.86578239254517,29.23143530037715
38,16,D,Thomaston,27,48.406943863333886,69.157952872507
32,56,B,Ronaldfurt,42,1.3221737015863266,76.99546658947347
89,49,B,Markfort,84,58.901544775041806,18.427323314608536
54,2,B,West Amber,0,72.25790727090823,99.50254440694115
6,5,C,West Mirandachester,10,68.09700490263168,27.042320357269645
22,15,A,Anthonystad,52,36.00022537897135,5.8342690067420655
93,68,B,Garrisonside,73,27.58426945761152,70.735516011044
50,97,A,Turnermouth,19,41.39949232074515,27.046275433943034
65,23,A,West Cindy,90,92.32091938102549,22.00981815200098
98,13,B,North Jon,58,78.48664969975218,95.66356740650708
53,47,C,Port Thomasland,89,26.62298436659021,66.68053617588119
56,96,D,Ericmouth,72,2.472824711887811,65.40955014689548
70,16,A,New Debbieborough,78,38.01574590545837,6.305849744108272
20,8,A,North Samuel,43,8.733545799834918,49.386188148008955
22,62,D,Hubbardview,9,93.12492097744823,1.9454358192892873
57,19,A,East Chloeshire,86,35.726079276211195,55.342884091862906
86,35,D,Lake Lisa,42,95.90831551187586,49.33517367301429
53,40,C,Russellborough,64,63.03238777090229,44.169255262499554
56,61,D,Lake Michaelfort,71,68.85684131527566,5.494765534577484
85,33,C,Garrisonhaven,37,10.935363991541037,93.99597536186361
84,41,A,Alexandrabury,96,5.876930478537268,27.97020524521988
1,71,D,New Melissa,93,83.07297561147723,49.1189237316999
15,85,C,Kristinborough,14,75.51370171597048,4.830581497873676
47,83,A,North Denise,20,30.813735922031082,98.38875299738477
82,91,C,Kellyfort,72,10.427824037304855,67.7931151168023
54,36,D,North Patricia,60,66.38453536872285,94.49467862503339
6,25,B,Josephborough,49,66.06793881712261,11.235914408982461
84,88,B,Bakerburgh,4,73.48216667612796,46.67099833986632
97,58,C,North Julia,71,47.901398792007946,4.965984371294319
81,5,D,Smithburgh,9,24.931144628841217,3.1638643692328827
27,99,D,South Williamfort,35,18.3374242875992,8.700448803268944
25,44,C,Santosville,69,59.33905012395125,71.64710259126024
65,66,D,South Jacobside,31,11.969065841651771,39.50264190083178
86,50,D,Melissastad,5,88.54606389469454,52.74445473863657
7,81,C,North Donaldville,59,60.512702996247214,0.771256781832963
48,63,B,Dawnborough,80,64.24286754283634,51.802080886036016
53,63,A,Donnaport,85,30.906254576113344,1.8977705560019098
14,84,A,West Donald,29,1.969616615023162,21.233205733596282
59,57,D,Wilkersonland,29,95.00685884866668,92.26443586428645
7,77,D,New Frankshire,8,36.59028249076196,80.26766381392991
76,73,B,West Steven,41,48.65340622732693,2.450532749367207
47,71,B,Lake Albert,79,78.85274415412884,34.33302544137317
31,4,D,East Elizabeth,75,74.01595607984378,55.93284602686912
72,89,D,Jasmineside,58,82.80696251752218,43.26666363544428
83,75,B,Johnsonville,90,95.94638584728087,89.58861812128485
97,53,C,Isaacfort,7,98.78696679448844,45.836159271841794
31,45,C,Jonathanchester,98,68.56680013679917,31.297315248113357
14,87,C,Leeland,72,5.7480785246988635,0.046108709048808816
76,48,D,North Nicolefort,60,70.05553248076949,45.84504239868132
75,42,B,Robertschester,21,62.977825660363365,63.23126871480219
75,38,B,Phillipsfurt,8,6.533921362133366,74.86236499445317
2,93,B,Guzmanberg,6,97.85795644024651,61.57739485980693
59,23,C,Tammyburgh,60,97.22824581221131,80.35399293201031
41,4,B,Murphyville,62,57.21799075875078,89.81587212053464
78,55,B,Katherineview,30,74.34396737201429,95.275331526177
43,81,B,Dawnland,2,33.88058536756804,75.27788225950607
90,14,A,Schmidtton,36,29.628900414331248,32.02150815986139
58,7,B,Lake Frank,56,72.32509759420607,12.317153996974994
31,28,D,South Darlenemouth,25,62.29128213115415,9.074744029676573
60,52,B,New Michelle,34,58.27621399620882,29.39184134843613
76,48,A,New Dustin,34,33.79724101810139,17.867880106944412
1,45,B,North Harold,66,96.23675987675907,46.11130820811892
29,16,A,North Diane,19,13.133764643123646,78.13710110098211
83,0,C,Davidbury,10,50.856333884155035,9.716987428069556
17,54,A,Meganberg,37,69.73071652345767,50.99028521438481
87,80,B,Dominguezmouth,4,14.39495359985572,47.101375205191495
35,66,B,New Gregory,49,18.158584872922322,87.1995848879446
99,55,D,East Catherine,77,53.44938863454497,10.766828125318362
28,55,C,Jennifershire,20,14.84879332288287,12.78085139483709
30,37,D,East Emilyville,85,34.15444817634512,37.344714078054494
73,71,A,Mosestown,80,95.66998476290428,81.46705547053836
29,36,C,New Jesusland,69,86.26535242898848,92.43788414921482
89,57,A,Padillaland,24,91.39811183029681,24.73030294274051
75,68,C,Ryanview,81,2.8235328307276375,57.86665565791689
82,86,B,North Brittanyberg,14,63.91918279103087,40.5624118651982
17,7,D,Isaiahtown,35,59.65533503453988,85.4386906639374
88,60,B,Crystaltown,75,38.84072198550421,8.913739275256649
30,56,B,Port Thomas,54,99.56775585041156,79.81464435351512
10,65,A,Wongville,29,3.8653945345516916,84.41108276033567
58,19,A,West Diane,72,90.56747943304649,43.66816807920559
9,43,D,South Sandra,13,12.934682713725786,90.70373508659037
36,4,B,North Kevinton,56,31.297366458612185,81.0854312568401
45,89,D,North Dawnville,38,88.68616276313571,26.267550218394387
4,48,A,North Gregory,75,11.852117507784254,45.901532853997885
77,25,A,Christopherbury,74,81.62660468971853,69.14925403156158
24,45,D,East Judystad,45,33.11572216430826,96.47270799078987
92,50,B,Tannerburgh,2,78.157906281907,87.5656207863285
7,80,D,Loristad,96,30.233069110849307,81.36284754342458
75,86,D,West Williamfort,8,65.13931864505646,5.64968855101794
39,8,C,New John,40,86.50528797297838,58.653199874896465
7,11,B,Davidbury,74,9.703651367204092,22.381404975647367
96,1,A,Lucasland,42,92.56605275023135,41.354664041867096
70,73,A,Herreraville,17,53.00845110661757,58.491818343366866
7,19,C,West Thomasfort,7,73.24518047405282,83.81613214460901
25,18,C,Lake Cynthiaside,19,14.248609649187793,91.4471054615819
97,34,C,Howardshire,70,42.332215258844904,64.12745574035888
91,29,A,Barkermouth,87,66.25535647319745,61.539474283537686
38,95,D,Kristyfort,63,71.21139581176601,40.086411853507286
41,91,B,South Fernandoside,51,33.36748832371126,90.91896882694124
50,83,D,South Drewchester,92,51.96083207016059,67.61145414242388
90,11,D,Porterport,40,89.47514640018396,40.96630328455848
60,64,D,Bethanyburgh,40,43.29716478987675,22.120343942903297
80,53,D,New Leonard,2,80.4400744823051,14.663060730530997
18,43,B,West Ginaview,84,49.72362260802249,78.04429114212473
66,53,B,West Matthewbury,38,27.439846771969222,97.94373486982226
58,73,A,Port Amanda,54,99.78217866963617,45.08741553360962
89,29,C,Padillafurt,36,98.05073244947955,20.48866655998548
5,87,D,Huffmantown,63,51.39427493722305,90.20596919924576
10,40,A,Blakeland,12,3.464229478678471,8.286819031682446
63,59,A,New Jasonshire,96,67.99851356895677,35.250904232475456
24,33,C,Port Bianca,62,17.829602771216248,54.03161228123942
5,32,B,West Phyllis,70,78.7548973233184,27.378647529014
67,32,D,Nicholasshire,33,93.81383047117761,0.6017042552028506
26,64,A,New Arthur,27,86.3182063804064,89.45865909529313
59,18,C,Lake Sabrinaview,35,85.17238221216456,14.556718322573769
73,71,C,South Heather,4,55.79297951563863,91.14683367812562
14,74,D,West Annaside,59,16.502203218633948,36.81978493330522
38,66,B,Lake Allison,81,63.188876270643725,61.49294471032817
60,32,B,West Kimberly,80,93.47931974486328,94.6055896982349
2,9,B,New Jason,67,66.19428601703396,9.92840372983268
65,63,A,Lake Thomasborough,64,11.860417307343463,42.82750833001444
80,63,B,Rachaelstad,36,72.570316009372,69.82468925237545
96,50,C,North Joseph,54,17.051801896110863,85.4317706124161
59,34,D,Lake Isaiahfort,88,54.466094385868516,59.80583815253521
75,87,B,Natalieview,2,42.14603886476069,32.73997383112032
51,6,D,South Adam,55,79.94209320738781,23.850821175159666
56,82,A,Jasonton,39,39.2641071411655,91.82996306086234
25,69,B,Youngbury,33,78.88933854406562,86.90629671243677
21,96,D,Gomezborough,64,78.71450140622984,45.6351448424249
67,15,B,South Rhonda,48,20.15855527326981,85.02731026392892
97,57,D,Garciaport,65,28.33411937098652,48.49807872797014
77,30,A,Jessicamouth,25,1.8575913720705883,74.51834577557368
29,17,B,New Sheilahaven,31,23.337007060714477,89.5143967662915
98,92,D,Melindaville,23,43.131366861346756,78.91295252179081
80,68,C,Austinport,62,14.95114865888877,0.8585795988311107
60,5,A,West Donaldtown,80,36.765801484735675,27.152743858681085
34,4,D,Port Erica,52,83.73979375147086,22.73687063335267
94,9,A,Kellyville,9,69.28583332591666,58.64627214888045
60,1,D,Brittanystad,95,51.04245881011478,77.57272797124526
90,74,C,Haleymouth,76,8.085881091133674,57.209241829686874
63,41,B,Freemanberg,8,35.609114356299884,8.41312886618769
6,10,A,South Travis,47,48.17318319033672,20.292762139389787
18,72,C,Murrayport,60,41.92248431131876,76.02010124524026
29,30,D,Leslieland,90,36.893329692632626,58.82183015205048
49,28,D,Lake Jessica,93,29.27866409367905,90.82321647973185
14,79,A,North Jasmine,80,22.322317471728116,51.67114719335226
36,77,D,New Elizabethview,68,33.68262630496217,67.4537067717032
91,76,A,Brownberg,81,12.22996705793038,99.12393763982745
55,55,D,North Briannaport,42,21.759370676787213,97.48687157810562
91,90,C,North Aaronstad,3,68.18118089905798,5.897115774966178
58,54,A,Bethmouth,25,42.276256708517565,95.77384869576107
71,20,A,East Natasha,87,80.52946366890116,60.84341171140495
86,48,A,West Michaelland,48,75.27899337515728,60.77435002155445
64,41,D,Williamschester,8,34.76353295798712,3.5023361174206014
61,96,D,South Gloria,86,76.57810642872505,5.182694653618247
90,19,B,Angelview,20,97.70414727650369,16.189812168160024
55,8,D,Foxberg,68,2.8737191053100686,21.92131700261114
88,28,B,Johnfurt,57,30.01418755563654,15.560985569757369
58,31,B,South Steven,18,44.01763910354807,98.66715539120041
51,64,B,Mckinneybury,81,4.279119558606681,77.62059979965143
3,76,C,Lake Annafort,1,44.4472448779525,58.94880322242116
39,27,A,Tylerhaven,63,83.022046990852,87.56459354394042
76,39,B,Lake Ashleybury,86,68.30398729139368,15.05097763082074
70,86,A,West Alanborough,19,37.25844427753338,44.01982914897323
38,23,B,Lake Brandontown,2,15.570038401773756,35.20062468960576
42,36,C,Reneeberg,51,63.7901816707217,86.83384455820875
2,19,B,Smithchester,50,99.54295515892586,46.04561781007198
36,51,A,Stephaniefort,35,56.20259802809453,91.20154163410517
12,30,B,Williamchester,75,93.42854924252461,31.45143905235995
43,53,A,Port Christianborough,46,80.7924813515821,78.16989958463671
4,91,B,Jamesview,79,30.83110984689229,62.79187282644539
64,3,D,Cooleyshire,72,29.935357425036536,26.107963602456973
9,56,A,East Nicolefort,9,68.40868279672522,73.1096718938352
16,7,B,New Dawnmouth,14,11.567482258245931,37.350590093298194
30,73,A,Millerside,55,90.91957545784727,25.187786238148945
93,11,D,Johnsonton,83,9.60602334322852,43.58981235850491
85,51,D,East Williammouth,70,25.22299082056473,20.9336119835435
69,90,C,North Mitchellstad,26,69.72473272454334,96.6344943660968
90,9,D,Michaelton,79,14.139609883940462,13.627837506273188
4,58,D,Lisafort,54,38.06970957671283,56.145325831301896
85,25,D,Gomezton,74,46.74025551801071,39.309007090361234
66,14,A,North Jamesshire,87,32.63369095038262,64.01031981356297
8,44,B,Walshhaven,92,3.0376719936927365,87.16663106216993
29,85,A,Barnetttown,90,1.5577626244709597,50.1322615125722
93,91,B,Browntown,2,19.51951984032445,56.28927081941587
56,21,C,New Jacobchester,57,86.11187568163253,69.12224035412243
29,85,A,East Robertberg,9,73.90551761883563,88.46657609036099
90,78,D,Alexismouth,33,71.50869525080306,94.18700689940877
38,23,D,Lake Curtis,43,59.79403554334167,82.5312200971499
17,31,C,Emilyland,97,69.31337786629875,38.88034842915295
63,73,B,Port Samuelmouth,28,19.56934139558857,30.684921885555415
58,36,C,Jonesborough,10,42.681322138212494,44.435253438620606
24,36,D,Williamton,91,18.838523068387026,37.40103543948038
42,66,A,Cooperville,84,68.12153294103462,34.666337286991535
82,75,A,Richardstad,7,90.87289706539298,27.905112820283673
94,35,D,Leeport,75,86.65078721287324,2.5316079612542675
71,56,C,Morenoberg,81,36.967602181322036,15.723951191607677
89,85,A,Russellfurt,53,23.562564249008933,7.369260874269723
34,1,A,Parkerport,0,18.657664367718453,2.667984065279383
86,91,D,Williamfurt,73,92.31502289311723,34.51669321409311
82,53,D,South Katherine,79,83.0697930019838,31.49425182124511
31,49,C,Mariefort,11,78.1776952891779,68.77624470544849
8,16,C,New Whitney,67,31.21826192266708,49.22463465636252
89,93,C,Oliviaside,18,20.69575684330761,19.394250905637467
45,17,A,Lake Christine,68,82.4920221090745,50.119885579722144
81,22,B,Davisstad,85,10.12595089178695,17.440062108086007
8,84,B,Conradmouth,17,52.37787943233122,61.113093210795796
45,79,C,Lake Kathleentown,6,22.2014152276641,96.74411370510407
3,9,B,Lake John,15,36.104791322224706,37.82321055612996
95,93,B,Garciaburgh,13,23.190588165431247,93.71461467100715
79,38,D,West Deborahmouth,61,47.51060682003359,8.75108343777644
76,59,B,Lake Heatherview,93,52.32527402561846,51.53840197097615
1,1,D,Muellerfort,57,59.49017021680856,99.61500653681671
31,26,A,Christopherburgh,12,22.94654427735422,28.359013286769073
33,22,B,East Eric,52,30.027185138125922,45.70308180787831
83,88,D,Boydshire,29,81.19333396802463,6.92422440100342
76,21,D,Mclaughlintown,97,3.778534199526473,92.78003887037374
39,67,C,Lake Anna,58,23.094073865472154,14.193035419462351
83,60,D,Marcusfurt,74,15.545883917902781,84.82482414161784
56,72,D,Tiffanystad,79,60.11199862373544,88.43251673643752
9,84,D,Ramirezmouth,48,19.261335157893267,9.665164690040262
60,20,D,East Joseph,10,68.12441658359809,98.74458400129575
62,0,B,South Courtney,75,74.51193980144697,64.86965352768676
59,2,C,Port Eric,68,6.49319663897473,66.63092916122034
45,59,B,North Jennifermouth,2,67.1691587215598,68.00430788791034
16,56,B,Ericmouth,66,39.94946371836878,3.752887440778141
51,65,A,Clarencebury,7,44.15900469363741,96.03335767522105
78,60,B,Port Samuelstad,67,60.330315027239145,97.48647460414466
33,19,A,East Rebecca,84,46.681122028048506,81.9207051790368
68,4,A,East Joshuaville,10,74.25319681840668,23.924861310799407
33,5,C,Port Rachelbury,41,18.57609937551534,95.75043259027113
41,88,B,Phamstad,9,63.92399708700145,1.7048765097138596
18,90,A,West Crystal,81,82.04024130024996,79.36434375409593
42,39,D,Lake Andrewstad,81,26.019580235140026,49.49935920709368
74,31,B,Suzanneberg,8,22.588822543932086,12.18476432295532
31,13,C,Douglasfort,77,13.496508494378245,63.065992373169124
85,36,A,Davidshire,11,85.77009628930274,64.10111221674607
54,51,D,Fullerhaven,42,13.445163583593578,63.72790780128575
82,84,B,Kristinetown,34,40.64120430206405,62.993300918816
35,69,A,East Amy,38,24.90157649035112,71.52579896151335
31,32,B,South Jameschester,21,99.18541024804414,18.520312527394868
45,88,A,New Chelseyfort,64,80.40239327934626,12.11337884007515
3,59,C,New Maryborough,23,85.81387399984915,2.589097289009723
8,10,D,Port Mary,61,6.965245156312749,76.70093075958548
27,78,C,South Patricia,27,46.44100381355193,33.56578076903326
67,18,A,Johnsontown,94,5.5471082707723385,41.64683507919562
17,45,D,Lake Joannamouth,87,92.68865158550607,32.127258997997785
70,42,D,West Tiffany,28,43.93360679348148,32.918056787715436
52,12,B,Joshuaport,48,82.23294830877622,16.926275380489354
95,82,C,West Danielfurt,4,48.966679094544105,34.70734517873295
3,58,B,Markburgh,25,49.120017975121414,4.620700510143683
79,7,B,Lake James,73,42.36432563623026,95.19799693075555
66,47,A,Lake Christinastad,91,93.61989121216602,52.24909256180381
99,52,D,Davidsonchester,82,90.85929354721107,79.45844335815534
55,75,D,Annland,55,95.40919231750816,41.118489513280466
18,36,D,South Maria,68,70.08790718271831,94.52059473821174
41,22,A,North Danielside,82,10.756119421977928,91.93076515398087
79,4,A,Lake Jenniferfort,98,62.76473159769797,36.4164564153474
42,20,B,Hendersonmouth,82,64.03370700679318,21.795010654714353
17,48,A,Durhambury,91,51.1428246403871,46.55094004152423
78,22,B,East Michael,61,35.24212384863359,18.422186343726775
71,43,C,Lake Stevenchester,87,82.99172703248028,72.93187445446863
79,2,C,Cindyville,90,10.615836354382257,27.003532834075784
2,34,C,Paulaville,31,25.834551403958063,81.42825654513649
71,0,D,Georgeside,49,66.70437547660222,2.08033628177674
30,85,B,Whiteborough,28,5.877324251735761,74.36098233991869
16,5,A,Freemanmouth,33,40.25279075622322,90.83596460942745
12,50,B,Theresaview,44,32.42986475076163,27.63003098665724
38,6,D,Williamschester,47,38.67128772389732,6.055984367761525
55,67,A,Campbellville,15,91.45417689909446,38.58006680529079
84,31,A,Marquezfort,81,54.30264846996084,97.53175736094299
86,66,D,North Joseph,23,28.43050451965501,46.42404164412294
77,38,B,Annatown,49,44.11208263174882,70.65431719640863
15,38,B,Mariaview,68,32.104966589268535,1.3299110304954453
72,54,A,New Joannestad,25,35.03988470890454,80.83935174816294
5,45,A,Tiffanyport,31,70.07031841697018,55.92269541137883
87,9,D,Joanview,53,94.67694964694334,38.27705844552129
94,9,A,Tonybury,45,7.437111522455431,30.901834669503604
73,42,B,Traceymouth,21,88.35628917062407,87.97184389443989
52,77,A,South Patrickland,44,59.27620362765447,1.9610807098217165
40,90,D,South Tracy,91,15.150914231304435,40.342907415574736
2,65,A,Joycemouth,99,51.116014296239356,85.35144871209803
17,95,A,Port Jeffreyport,71,48.36728838222022,36.7076558674625
51,35,B,Palmertown,78,12.158553443167364,52.50887458451561
19,16,C,Bruceberg,88,64.38541742623728,51.0224135031874
14,96,B,Douglaston,63,14.581744973172285,61.742688787083154
89,84,B,Lake Linda,74,60.827420834405565,59.68123494800791
53,42,A,Kempside,47,78.41133847106869,96.04542874832201
0,72,D,Port Veronicaview,52,30.132884249034962,71.70782454616187
65,50,D,Port Brittany,93,59.9718152102792,8.720103525793842
58,46,D,Nortonborough,58,36.80847566330727,37.28453220919366
59,33,B,Lake Samuelfurt,52,10.676502799549482,20.06200999133648
96,25,A,New Erikburgh,93,69.01121879576034,49.35220011304708
91,52,A,Devinmouth,30,14.156439851768743,73.89384609315711
10,96,C,New James,12,0.2765074650055488,9.210619314527468
6,70,B,South Thomas,81,88.86869443900464,14.117818032509055
33,73,C,Donnatown,52,10.536553994919318,79.96724054668933
60,0,A,Jefferyview,81,93.05560303613638,22.491432703783843
42,36,A,Shaneborough,18,95.07580583645857,35.40972689887475
24,52,D,Port David,25,99.85809797849082,25.906797097600155
25,42,C,West Anthony,90,68.57632485199142,46.74090788077866
18,64,A,North Deannaborough,91,96.1835606406046,18.272773755377813
5,8,D,Bellview,69,15.192730308887592,28.622364558914615
86,55,B,West Sarah,53,45.60648341407406,71.88541992669553
58,6,A,Jenkinsview,19,61.21774865323093,74.65840176488055
40,13,C,West Cindymouth,20,25.04679595738152,95.54297108566502
71,79,D,Lake Davidfurt,50,21.17320920845144,29.616539805802045
62,89,B,Christopherborough,69,63.42687871623127,17.305173650552575
72,7,B,Jonesberg,27,27.90629336536562,56.626447736459475
26,43,B,Barrystad,30,36.40394622434414,27.418815383400407
27,85,C,East Christopherville,53,79.24797154655862,20.392660865323986
20,4,A,Carpenterview,98,28.825539865133898,54.714755651509975
90,17,D,South Sarahmouth,23,79.16304320234381,43.26083799688774
88,15,B,West Bradleychester,38,60.88156489443778,30.496799005228958
50,14,D,Davidview,3,42.33315590652641,81.31108839718023
42,34,B,Arthurberg,76,77.08231006869289,83.999481330106
43,39,C,Taratown,93,27.501250405775945,39.780178540151724
9,17,C,Lake Eric,74,64.76845032568316,43.808678924775265
17,98,C,East Taylor,55,76.19920227584772,26.02398925130872
96,88,C,Moralesview,88,95.98328950066212,43.613509408735915
44,89,B,Johnshire,34,58.34507077340343,5.21648347011201
89,33,C,West Allisonbury,99,65.16764674798516,50.98557115892006
81,36,D,Lake Bernardburgh,63,33.5071951017366,68.71178150830998
30,17,B,Debramouth,1,10.364106337555612,77.42066502700403
