Customer ID,Number of Devices,Streaming Hours,Browsing Hours,Data Usage (Target)
47,87,31.922688850940716,89.41344422212316,62.33257393447502
86,34,95.3831325324155,87.5569542885188,63.48030665421113
30,0,3.3016791912922283,98.40031274257976,25.142309252869676
56,14,18.99281698740001,81.50862359636307,31.66838299185223
62,3,68.12603704463204,17.784843923377824,45.77851115217166
78,31,61.70377672377311,77.24577392413346,65.34442976812093
76,36,73.56623516539364,90.68481455598464,15.01782940629971
75,69,58.10272822862059,11.898697103424993,14.155155414125865
95,93,4.0375936207582175,54.33060719165991,61.85843216652167
1,44,63.84638285802803,85.71515986480073,39.691596224221406
30,61,90.18155468347092,66.44640537842682,22.0669486621232
59,0,21.136174087659942,46.6249279565657,60.01590616097933
65,31,59.24720390265442,25.50075367145832,17.22788817085593
47,11,74.74991947681512,34.778863457691344,23.017796805194244
50,73,75.9915336589703,31.358402814077046,65.08680271853558
0,11,22.02380001700558,6.432968732416555,17.652488489216466
53,53,4.153634284494423,16.017731900457733,72.61771139923002
94,33,67.763679243501,11.30204489936556,60.095391934579034
15,94,39.69350351150964,39.496377062234686,43.71499840645055
82,98,55.281194057609525,99.07235532593201,65.72408253096648
54,92,95.32405530323422,32.30198974131506,12.031896948476305
77,81,57.814600584492084,69.64567726286323,1.9916729926331311
33,69,93.94468428141096,93.01972553518145,80.94193956676958
34,5,12.207477569712545,60.7581114548006,43.69131437431118
69,39,31.58467323181241,30.283112089456154,41.65979577235325
43,95,90.50176839093784,74.38466860102265,50.58200899300069
7,10,68.5051501712894,33.04348398769791,8.996072897180818
16,80,38.522600911516825,92.36608922319145,48.51374736096017
72,55,17.043825004612334,70.78619268412137,79.39563656519604
97,31,7.627565471352138,22.45992176085729,10.969818382397023
6,17,58.541203232351045,65.72590547330985,55.33560541282698
94,13,68.4133741754524,84.78039419029903,69.38886732272525
64,68,51.2320940944591,91.75292185653802,56.64879502156581
57,30,0.04512583666504977,26.132689291470466,81.94289758835151
92,32,33.316613151400766,1.1759469112248566,52.30186054107618
41,45,93.29371243318306,76.0754857685218,57.454825317916146
45,39,22.940763677852072,5.12985534953917,29.136328720112193
4,14,75.54232035946073,32.26928659889321,30.04613904585185
44,32,33.10317018139227,40.37608037040927,41.26069989051562
3,81,56.58486005100839,89.54957850833793,93.64595008270469
97,16,99.08092415526745,7.88350566514191,44.538850129208086
94,48,21.407888874756566,52.42093790486242,21.70913326680276
49,48,64.25097444413609,86.3813479127848,16.730000593617667
87,48,20.4568025941801,69.37195965733255,63.456490230962245
89,34,88.27298319106765,72.00258321208112,17.899538048178187
39,84,32.28675057786785,52.04202499964056,81.30089804777175
80,9,78.74581341677553,25.06997877964251,33.27332269042237
6,3,11.584501796640012,64.80173458377142,0.602575915909731
36,49,94.18674854830411,51.93169431638056,89.34959796671433
48,64,22.88488744612711,9.604252444510008,80.89666142083612
3,45,54.81513545994656,37.20093789469539,12.808883190205467
62,90,55.29029523957768,68.79327820592214,15.351820196383482
36,2,66.38122385446619,3.5069973556446588,56.892923916530826
58,52,62.600754476316666,4.842714025908568,8.187363659517622
30,45,77.96897757785248,56.22031854139071,50.56500168636606
2,92,70.6822054274742,30.224878472544535,49.01045025783699
58,75,20.29762885194255,37.225814096761866,20.299215398992754
81,75,53.151414069009974,35.935641140674136,31.386537124486292
79,84,65.2991491322386,56.11700735822783,81.77388493081263
28,28,25.004560754981885,2.3773152973278533,82.84362965741589
26,72,4.641609167713733,6.144327805053351,37.784032418453585
67,86,24.017685042070703,47.511884322380205,51.972640370820045
72,4,52.43725154840247,81.9725811153058,49.483366188951905
67,26,85.88542328211449,43.99544078613851,91.22398504926758
48,11,31.86583780845741,47.301548365330994,10.114421753977677
5,64,53.567062813183554,18.045307750028105,50.770105249028
72,93,78.39503586099926,2.8403799506290017,44.81634613234154
97,53,92.35294731588762,75.86262030678273,29.494936200365064
68,82,15.011522957603452,79.08641452996585,91.99365564699919
65,56,23.795101724997426,6.400305280715035,97.6638488915738
41,70,60.84585110006745,12.853420443904485,98.73906282506441
25,89,61.88115074276751,91.19618340969772,30.834802827828355
22,95,78.77894981626658,61.655933277964294,10.780123795189434
83,49,81.04607472233877,81.516352481131,14.951127630127925
11,26,59.069334184634016,77.65263470499792,58.421608628176934
11,17,39.02541878763487,14.016132827800408,34.77430858321071
41,49,53.22789246461884,24.49284695329208,44.89274327436634
69,82,82.50813807469402,81.06464027035898,72.0564731393545
63,61,15.559294473402318,42.66084661944639,59.70781658670542
46,17,48.69917570446519,33.3774161225056,26.067875593472912
26,59,77.54788907080759,29.929741010008627,15.332324821006138
82,63,52.12359649636783,95.55527616428353,10.901773185483087
42,7,33.41424566604948,99.46641544790361,8.756386455000431
61,68,4.208544765442723,46.20507023982846,74.4658859911384
40,66,72.73831962921882,73.56953332559965,69.04133276172216
16,83,6.923653288760256,95.16728106954689,86.3118449437548
33,57,48.10538162377811,86.58298584900909,64.6163978250627
47,4,15.82499649181509,66.64200681864644,59.402345212380794
61,70,98.26643984676956,37.732266222476696,58.87783051910315
5,77,60.50803856697639,45.528103541224695,35.860677710285735
9,18,4.841304772699962,33.29595270951644,49.43584365653305
51,19,34.20252084369011,93.41259658467949,92.03849013628827
50,65,12.547753662468153,42.97134227558901,20.635301740044522
34,51,6.828076864735033,95.71087475242787,87.10971459930794
93,55,36.21426729589257,61.638340783035275,94.66494140979925
50,80,39.03268403842013,80.76852550343685,56.46349883458455
31,52,47.23784907024794,81.75577769147571,36.22724561621943
21,35,29.59882910663245,78.64410728592055,71.80346880159009
25,60,21.964947519585344,22.013318611698594,13.329693087427962
96,35,80.17742679617673,39.260474343683086,74.62797752261336
21,1,74.04331151400646,86.74424020350592,82.99335388624166
55,92,16.799600651840795,40.352194850558064,21.872136529784548
13,4,46.350094904093694,50.808532731323794,3.1868084184692558
70,59,42.22304015981808,25.342456047052796,10.870577009897453
14,87,42.582808914882186,85.40894893925528,29.72435010332276
79,17,70.08904543275666,13.797471220558144,11.69422128753812
69,9,51.350848824241545,84.93391960966585,78.0284013113963
83,81,8.71091354059067,96.61602520505467,10.882145006444844
36,23,30.42940274651844,14.669715421086082,34.419597088153196
42,87,69.83516974960452,7.07382899954575,65.88841237940007
83,88,90.58842061410921,39.28935338952101,36.17504424680459
12,21,95.36734101086473,58.461412990539166,5.228192934467679
8,15,17.56844336900515,75.8457548588076,76.90814614940167
24,34,35.48885451508021,37.15382310990761,78.3290082068096
11,1,85.15710858605811,70.24948957982463,24.096000295635665
75,38,30.537063717129385,65.59700400764382,89.8480831224196
21,88,19.408795204876117,1.9944090507240553,48.808986646376695
95,45,73.67786811884251,99.44521854006999,4.396075382024167
64,34,99.55546922299395,78.83359396421757,10.767631801985056
30,50,5.3362217295117365,11.7926770440829,34.22883268680932
55,85,11.445899659665404,8.454438992282409,7.42311543973927
32,66,68.8468470134459,11.742952074538149,66.92976169227968
77,78,42.61523931033254,95.60470216388036,30.615626499821357
74,55,91.85012347306838,1.8755392308059005,17.921400779426545
21,33,56.810761546073984,61.52804118843972,19.73226625273019
13,82,18.476174024900338,77.54609704091256,56.1029790688626
18,16,66.78755403904727,17.0191729416741,28.158055535753945
44,36,47.41518611039193,80.90305996609732,71.590448384944
56,3,55.66537601203952,74.92363986489512,46.30362264379545
53,92,22.379211481930195,48.93384057866182,91.34588915353785
99,91,25.22437624118872,0.08675476377016933,63.585717408711254
89,68,10.612223903926665,49.46858719817303,12.997959034108597
48,86,99.42785253004864,5.08338319135132,26.55574489467756
20,94,64.74706383006705,1.3564357321908305,31.41647172491603
97,7,77.53644131193995,40.64278867051541,66.54765081863462
38,47,90.35509715302909,37.383021042456065,96.4409216616902
5,98,45.135572411439796,95.35631242123593,33.153783814609305
27,87,73.67994632127926,46.49843714418456,98.92603424551815
11,13,61.02390022837899,32.945214118461685,75.44514616087515
83,56,80.62503317223857,12.395593739963084,95.55854558177158
1,82,67.89882314415043,88.69381213353618,47.57865504044311
28,37,64.97074479954807,79.59292136161929,37.91844934374996
35,2,73.01127189094339,22.88008116536432,65.83945875590891
49,81,91.00461066377294,87.26132870389388,67.63640925779475
24,77,2.7679268547717295,44.36656129021809,51.368035850873106
92,59,92.31950895505148,68.9803200517045,32.08832729192599
97,91,97.72279517845347,39.94603944708464,91.98174373715841
47,45,36.390874163384034,92.96500127630955,4.223030581301801
3,96,1.1989133305962296,70.93275334569682,70.04982104629494
11,40,51.30944755218682,71.56943398162284,16.517940360103943
10,71,26.076145778871286,85.09285855907261,44.194753598052095
98,71,16.035208324563378,79.07249001281816,89.77817962821358
14,67,34.09051369834728,93.95283562269955,61.02557288191671
26,95,3.2172098712440422,34.42932566093556,5.258661968982336
34,39,72.9170667068718,20.781264404227386,52.579438719804486
52,66,89.66964631165598,87.2322977343823,39.14892784284818
19,65,2.883868907567444,60.73890899130859,33.09114593877598
46,61,74.78588787452009,75.30484245781321,19.302445444350603
6,48,53.801697536521644,56.3914850195923,97.32467425116133
14,10,34.231790374071316,34.61846134948612,51.392991087580796
19,90,26.174987406274987,61.46886460197257,86.55179888030398
41,48,13.792040016799511,40.91704081505437,59.52386301088779
85,15,2.4419138876688007,71.20560824454867,85.19088300176733
77,34,52.79896436794582,48.778201498552335,44.913116552760954
75,78,39.87011711688597,82.32332925456899,65.02811660246833
79,9,29.382849174159098,54.92603890273906,96.77886089787665
17,63,96.97687110482408,63.25786800861308,41.90665894152272
72,89,65.37241556257692,41.34019759265941,10.712475991464787
38,24,92.89068837986551,12.165927335746641,19.674414686336117
10,58,49.62128885948771,88.3486792580847,2.367020218951632
68,34,95.16133133867396,89.52781557471836,20.95255469439984
88,77,50.429689314694585,19.664059444152983,91.97482425486344
82,64,78.58318548060872,44.81976880303541,27.21115177952902
55,18,46.74539803188499,0.581444924408292,3.8826867939071863
27,26,59.04929529715785,7.238484867283312,74.06207507015473
29,93,12.627268388105751,13.15131579057377,88.65349577638686
60,58,91.46313599259271,78.45712147345334,84.21639463038424
24,87,56.349975544728046,1.7545403500760948,45.69579908852086
22,58,38.75689124299595,69.0030225656978,90.15769890101808
34,8,95.73570462956297,84.4963439944986,21.042946250052076
9,94,77.05486128824633,64.94353772169691,16.604283025069087
95,57,3.7557872310371776,9.62674172082597,62.49378156854015
4,54,64.88552515879404,83.59894341741403,86.98678312187296
19,89,99.75164737575606,41.83388193431603,54.0014156924953
46,70,66.66498756375026,60.92506774976451,61.43076024274544
60,46,26.047385399800394,53.734875382186395,7.624836521800782
89,26,73.07426607369169,86.83623210507481,89.68106143171632
25,6,41.771897886383826,48.17340978609631,14.137148198121318
39,20,63.89642610269636,23.033203611260834,70.71251613953025
66,35,85.33671809414952,74.11466837968503,71.60591937394015
12,30,83.03507848607848,31.733465035915877,28.85933267631574
52,6,96.79114867148934,61.353785083667155,44.26126819997176
51,77,14.310831516688104,54.97317748435937,55.61373369268344
40,1,68.49263089013886,17.401341252549297,60.065963407630704
15,21,17.305251128413236,50.76814675475107,34.71905779071546
23,2,26.788094556774887,14.457684539885685,37.41810788889038
74,26,80.5810797168577,72.82236652478483,81.4558031972167
85,94,91.82545746507947,65.22421031460934,77.68329401390572
97,6,99.62329218779745,46.23797560848435,87.54827225391602
6,89,48.000238113270086,62.291511236552225,46.74023787436923
21,83,28.508723319047213,99.01747766760327,31.686795157772995
20,55,1.057846886008229,82.1103600280375,3.3919985774409023
20,90,13.636995712680367,95.52408053985364,79.5199449108255
23,47,82.35693640065114,23.673532289503274,39.971939496331075
36,43,54.904023127439814,68.07977374494541,46.76460186186997
83,37,45.323274931285454,24.798405639534703,72.62911075546937
2,54,42.0591582929136,41.431377418254755,32.390029212398765
96,86,24.660455383966852,79.99803810321187,78.74585835037526
5,58,33.95369723946303,34.82116305738443,8.201209870841753
90,99,70.30927671394005,98.80238932699102,76.40383101861093
48,89,14.396638099736691,24.56659557481994,44.29512664808449
83,27,66.65984190086456,74.71697891861288,46.81479451402895
53,37,14.53851766107983,99.40998589615691,36.30736541316683
24,39,57.662749782244795,52.316978503501744,93.19558875567961
41,83,38.27417550865692,49.5126951464679,77.47083083470893
6,48,20.717873753408888,54.440830086414174,98.7366275109321
88,38,67.21047091902719,30.98967377417201,99.68194852054023
68,53,24.007735784638264,50.955684742141415,55.70369242843128
13,94,8.912327658598663,50.75319693468917,92.48630243638988
31,27,49.68421578612801,96.80120754885822,97.3183760327255
82,58,48.11626152447296,69.71322126710442,71.71302461323245
97,70,95.54765285134708,48.404162478833726,47.00715841263351
96,21,28.312645898967382,13.135237963777824,9.909480925726754
90,51,26.822024723797576,16.687512208165057,84.40895130620535
68,46,63.09218171413447,58.928512026755484,61.68982975460987
80,50,18.668668705194424,81.78141893960071,9.400270979458714
67,46,37.96097061767316,17.060749058079328,61.02059656097121
76,93,51.58016209927146,15.64098122300165,90.53810645799942
65,95,94.20701750024925,89.57462750919461,79.65614613842043
42,93,8.80413803603457,75.91033343248435,9.866144061303373
25,82,10.80737692653565,2.7217310356151825,91.04159710498168
66,15,49.00461103455436,41.053370512312256,32.9652747144781
24,94,92.03003453671967,10.208177845817845,22.897271678185593
48,77,98.9724474772283,61.307961232222574,62.19834769267957
44,15,72.46933694298971,26.29873128903898,75.41299773549811
35,44,44.55939830336156,59.66089650392033,81.5859731785272
85,57,30.389420461374826,49.87343200599813,15.666661695619199
94,62,23.71232655482939,7.929285045354339,49.38889932345726
56,23,35.762929275068686,13.492498144003518,20.550757613548353
48,34,10.01480399654785,85.95392346244756,97.41920680910037
66,32,64.36780770107463,98.82390632539283,28.36866679726452
75,91,53.38027611683043,28.116126623844284,13.492400777268465
26,66,40.73517229053386,70.83487002970847,40.33597941104091
85,55,78.99779004679932,56.71537466473203,67.81475773211997
61,16,90.67450915919473,46.975047681243176,7.754342185192209
12,7,48.57003901557643,77.19763883824614,67.92562211686204
51,13,8.553971586159282,45.97498677830379,98.20708252909583
70,85,77.54833129722871,83.10045034694232,12.485619806071025
38,87,65.20842033241593,22.525486923620885,87.42844693054083
42,15,48.774470014220384,11.062076939291144,7.273483308973383
64,4,40.56844340510227,57.60544185542307,0.10489915492121193
65,3,62.99316112338914,11.704964943347584,54.994196017411525
69,31,20.44232155747048,3.984553544471481,90.86377143636962
26,68,54.1616573426196,39.516566547532804,65.67446826278453
31,5,87.76997336741968,3.5618893056121093,91.85798453518066
6,38,10.548620039196521,37.35616005316368,62.79874098452739
62,61,17.146023931925924,59.45673064398517,55.45690336736834
87,58,29.35325139290508,2.51716279994626,39.12940720124548
55,88,5.230064100078047,24.63219708159953,5.8946213478704435
18,10,89.16564388677105,66.89359012074155,46.40486919692562
66,19,49.74330575211119,89.44224180768782,88.46977638093026
40,97,40.02255513492771,84.97772804485173,59.74831902141955
65,87,92.38397110427205,86.56646231541431,94.1088079760336
24,79,32.89962472693488,44.913755648766355,10.71604616295777
18,30,51.44762213504605,35.387144361750444,98.43404260111848
41,13,8.704059328052827,35.91186351776955,97.25674770866657
41,19,87.5121016252065,6.36111048325132,0.5896361702313113
94,67,48.42327000648309,0.5812674593017042,22.48953289747442
64,19,94.15044993652766,63.01924424246238,34.38686701753525
68,33,15.873369231531331,59.62141781204491,79.2946170902833
15,81,92.08220156898511,5.957346619453263,13.632803306753527
29,33,59.88905018671456,76.48649928936076,9.61441779213379
55,46,60.69043346915234,51.92723089949195,73.67476223913117
37,33,8.722995014243896,31.22787922608876,32.937425561494315
65,69,99.35603268301702,44.28599684109955,29.114176385330957
68,5,57.1673508653879,67.75799999434071,23.289270132458395
30,72,36.40543567450201,43.44085441454695,85.31025236623158
58,49,54.94573158938948,85.6164094203073,33.723528665211255
48,56,33.38830324144018,58.564174557335825,1.4020699167337614
29,96,17.04935484960812,21.316125909575124,31.54514581778649
91,64,90.74512575118119,3.1118406467146476,76.84109889198015
90,30,46.541776082529076,67.00855518572813,49.61168737255759
24,46,1.2249692781773347,29.378744132629965,18.869613145063436
63,39,15.361904258892721,31.55797385715561,7.276082514975524
89,94,87.59810433620402,9.70230896415577,12.919162405465867
1,77,61.64190645537037,59.96084726321277,10.860435884826725
21,51,53.25728508734886,21.792930440320056,81.20895933674721
2,92,70.25358203706537,99.74436551654298,98.23021605384089
24,56,16.04252473455775,32.109095327157256,43.14823074350007
73,0,36.86870969943858,30.135989164885146,21.625363079562497
16,24,67.72409398052591,39.96971087159575,74.7899185215362
19,39,90.7920347777877,8.738103689050769,75.29133404451316
42,97,75.77711472387631,70.12772761206321,15.086073627259566
9,84,12.514133566434316,17.610316028444227,35.28926655924071
22,46,67.81720618581242,42.85389927738582,95.33214896256787
22,47,1.629101865839233,68.78283304861782,66.5895813820915
1,94,56.52024381630434,37.65605568836595,85.79949969197644
16,11,75.40162593071568,91.23740735301875,24.157267616250312
36,63,10.429548222231478,36.63087140289514,31.88402109082773
68,92,42.086027638370716,42.790236668285445,3.712164624007208
31,99,48.53524714998989,84.96366953652488,13.072725276983387
68,27,64.90373012917811,31.326823318724838,69.07833098849362
55,92,83.50423726312283,80.34757144540097,80.77352530140219
13,93,49.03119796685863,99.28058327268033,47.84676940148675
50,24,13.470127443504454,15.707712327803513,68.74025765202283
11,98,40.03520512748205,77.4047064770631,67.65803572745043
19,99,35.131266423564654,65.79085161262489,46.784456191337945
25,58,47.89508035120893,51.94212252724015,72.77367105016432
72,35,8.833111772629842,93.22361632014719,9.543458390934067
55,51,62.008520198243424,3.499938760030885,9.293537998978652
51,38,98.32893196909578,84.30677091537927,84.48049960551651
4,29,37.124691694643,36.465685789609466,71.9349694657488
91,0,28.23021038838347,96.42896846757606,72.09004192347524
67,78,33.86429366544282,12.229189398951156,43.54604577338882
63,70,36.037572719968395,59.66518590812464,6.197244672244295
10,68,7.768605895330394,86.71617816350125,95.73756900614107
31,43,93.61483205361328,78.5459206240007,15.283162221967961
70,19,45.95345145174357,87.1985109458483,3.586231759328451
48,16,4.967519932230435,49.469384896254866,57.974293158453314
22,46,54.73381721994093,26.76531770899834,34.37361052182582
99,62,25.54788399897706,83.50575232075218,4.372509495880095
34,9,48.96723726626588,43.5575786059144,74.14677870996161
73,32,75.23164840896612,38.3685731920359,43.805432100054034
86,13,12.939011133813539,17.510433229872035,37.523806748400936
61,22,45.77422979124478,32.960199595111796,91.81536687604344
48,88,66.4818979744763,5.30837856929317,32.930330769305314
24,26,75.91283491895142,67.00352011365543,10.89743459863708
83,85,81.86382985443622,41.25076786963926,11.037655133529988
87,44,19.32268249843182,66.52296249555512,78.51935600775309
31,42,26.422316518501187,44.04786958341642,39.810212075837434
70,56,94.95244842540914,18.073804474788137,97.45017387644072
1,80,12.144157612915475,35.25323417181958,30.787848017696383
93,30,60.19283156182532,37.93086014193544,35.68473073097248
90,89,48.132701819355596,17.50957524297263,90.00424694239041
9,66,22.503295998926742,90.35888181078462,8.327573274960853
64,70,39.55855201624383,29.450069451462056,49.48301599002013
8,95,49.04377969313969,50.40999016047871,49.67125389698811
20,22,36.36746962132244,41.99408976104769,9.573594135365049
10,98,66.0588525258733,89.23807560489331,53.623342624493844
86,15,82.21148705043237,1.6891997531334302,5.1726025626467775
99,30,53.17715659711811,64.34126903127871,50.01251268281798
33,12,5.020338263316415,5.198695496609451,67.20925765412579
55,1,83.96749059707588,5.4763876958301765,20.87670543011484
62,57,76.19519434680826,97.11996040428446,88.27967374219983
47,68,7.070702026143438,68.14590212998381,83.91507655738984
58,8,20.138094681723516,57.7043066324652,86.92339691481395
35,4,17.787431706529834,55.27072321486383,28.976228071772447
0,94,54.764530985188586,40.26458034809026,53.10535413779066
19,14,73.43901961428269,99.70941098092658,56.75307944625636
50,16,20.12680203723337,85.33939274650471,67.6410375236529
35,61,8.438842960805292,37.56706624481296,11.13372111119918
61,6,78.31134319519886,57.26384040911435,68.2459428027771
7,8,28.323662624944134,82.01297661349237,21.83987978740469
47,80,9.62474583266475,5.177652629466978,81.09737195129065
93,21,21.799650305992692,42.10915522118799,48.00069155810435
66,13,62.266652540913306,83.61022088038634,6.49194418440715
30,42,27.463677657110797,73.59628269512591,0.5665850310627163
16,43,28.028142453737637,34.143904578282026,69.1706986852179
85,99,14.340852009324234,20.135380994558382,77.19542873331324
72,6,36.231480991104256,16.68382732314605,6.993310309668677
31,90,54.2973715926093,64.8631833971393,15.80146747930523
90,82,60.505492131300954,0.5657163506786578,43.76113468518871
2,91,53.30387583175249,80.3036302537238,1.320797168465937
78,25,38.66444374752454,24.370042796254985,91.45840533377518
97,73,90.03656418290588,86.08404673736082,97.89319482360685
4,40,45.2509578832046,56.04872582200283,48.33806705651204
96,20,26.949959282023528,95.85546230697814,87.34833926961508
47,65,87.0235951601369,30.879507378397285,25.323151830388092
6,32,97.62186796618799,10.057212846845776,34.06154170789942
46,43,53.283170231177166,23.618396588753534,57.52982946819206
87,60,7.228871110497225,82.67328312346642,40.39919445163629
52,11,54.80545443911474,79.88967647049473,77.61516373273908
96,50,63.332608969368344,13.660651762319853,13.984699156357095
18,92,36.12709755634651,67.44395586021884,8.43925861066669
62,73,81.66409266311766,15.910847144965723,97.48615842494532
65,70,73.76715017960387,95.48427031139447,37.10860454126883
44,18,96.67997352846376,7.785918682293847,36.99027838347742
9,67,45.42505125731292,40.328242051767496,97.95271539739416
5,43,88.96237301729113,88.64890002771489,93.62932857678018
37,79,52.45572200153418,92.08203642024193,69.97254271558198
31,56,47.74985186424286,14.515618986333168,36.361666855882376
15,53,38.59611888503679,57.4447058988479,52.18260597941972
42,49,77.24937453944378,91.72326344102532,42.86305736464256
6,61,10.673487259572878,81.21713752268161,33.74597966614189
74,87,24.546041775070147,66.05902709649827,8.3368356156861
68,66,50.941265507437684,73.53480111478665,37.936900786736075
54,24,26.847647666139274,99.70272297642116,62.405919365402674
11,40,58.14314462157104,0.887304420739965,30.024891542608156
16,5,76.69213637626929,99.47074784249325,6.8037600133997405
72,94,6.00624403816008,43.990516064469034,6.998381311263168
77,63,13.869724202386013,55.978944788835584,49.5265161166399
72,98,89.3059928001768,44.09295241083504,4.4120539934978
8,97,31.380257863782333,30.18017860042831,92.0871535844084
55,76,74.97550958885326,25.917610534369373,52.03059340768487
1,88,16.135957177260472,67.96690123948757,31.04841590594504
84,62,61.59012091747975,91.00639679697798,70.54652872257371
69,82,33.01293584960456,54.879559109673245,91.06879604570886
95,81,81.51672284474036,69.55915558627026,69.0406502480361
53,96,85.18994874961375,74.07441959129555,71.3674662446893
0,9,44.27441217331567,97.13388751761643,96.40171049291575
16,7,3.758482654393014,93.09790281197944,26.22743992473684
65,48,35.39950870359202,0.1612233157129328,70.03480568553348
4,40,40.28711409659497,49.39379222764215,24.13927164134987
69,72,65.5951573721683,11.065477467868078,51.10826587894617
10,56,58.52690194555492,68.31138062632866,18.92185717629792
54,78,42.918408038120106,63.28901120828432,17.90892267249037
59,36,45.68141404142661,96.88263275959504,76.62500396541674
83,88,97.56765266905865,39.84814088647178,49.80895612441372
82,9,69.60175977593627,11.243083547108046,10.25455690449103
83,97,0.5289224911662505,89.03558040883583,51.63490624955552
81,89,8.36668363026799,26.044333262892437,36.58538106111722
55,9,15.849545471930293,65.14938785236967,24.673607380320394
19,30,28.38823655380064,94.94073362402649,13.159891243139842
97,60,85.50065168424146,12.381701021087732,82.4417406079835
18,6,14.05244212177552,89.35586971407993,42.485171350700234
84,11,52.73125434897642,3.9787566096358806,62.73944082731526
9,80,31.494229503823956,78.27490118950362,28.514273993865167
30,69,48.229833455336234,0.05556093854530708,24.365290851811704
76,16,23.967883173141434,87.00030011013867,94.5837293044462
52,9,53.761144094257574,36.92697730621656,17.724363267493793
95,70,79.0930255920635,17.915165824655876,59.421353983383874
88,0,54.81640629125772,48.72064272176125,80.6635159609483
35,26,95.26487182936827,26.794641086143823,49.98565326439254
77,19,8.888793641449022,9.377041995906266,29.856971850353766
1,43,7.396416430455089,24.88123989011848,52.605168139216005
51,21,95.55422197747241,77.30325512119343,44.17876549690951
27,33,53.76452726106905,24.51674045499158,4.755684487661338
38,72,21.571579699083042,74.86070059361776,6.734469552488209
49,57,36.698606626666304,43.0152528934887,20.98421540068367
89,61,8.307275884911903,39.87509502173019,15.771379966182531
99,34,0.5328869394890967,33.10368983133175,93.13733090784075
76,37,75.00655178406286,13.253062785551851,6.568521020978224
35,64,64.00926930690581,66.92155086725045,72.97837665491332
40,32,16.056455001822258,24.969404351007263,96.18138326710084
24,81,19.031621659600383,19.312742176243404,6.181075940709658
27,31,44.986797048736435,46.99612164911435,14.574929391704316
95,17,99.86640201840432,9.814779064021351,29.1575997285744
9,88,4.16379809699281,98.70623536312839,47.59240670051346
99,52,33.37608803716064,89.61890747106764,58.170392982440156
61,28,89.73828990964192,35.75360507694544,32.277985071594
57,71,90.10605559102997,65.87808932077871,12.79246826888717
78,61,25.69357244685786,64.07548942137696,29.533450161388895
12,53,99.928660477021,89.08638507482452,58.65273342712468
23,38,25.570275989131275,64.16196125173786,80.09976295866144
75,63,24.34137402957266,70.11019460560195,60.36881515070558
1,72,70.7057507682445,86.55042661248984,48.53414552168777
30,79,90.9455665730594,36.00063628537232,39.91537279358831
86,0,51.7384192534559,52.88591081418568,3.3632688406067146
47,53,47.85528927902131,15.508400013229927,32.69691469866694
56,94,57.259556531891455,53.598148348758514,51.0170262052977
8,62,93.33900675102204,11.518259414140331,42.7308927777029
10,50,81.77290504722937,4.62025081961821,91.72675753366912
4,39,95.81045349515345,99.74897461378465,86.39530186471819
81,29,72.11337819283304,92.19623211760182,22.79363896866854
49,28,70.42653408952113,60.57621932864114,22.13470982543202
80,46,2.7719513141740815,16.61977636538916,6.206716653483446
0,48,23.98234186122035,18.502877561097797,56.32535275712961
1,68,85.29991227196788,66.2616224323579,65.78139974644252
50,47,74.874802861836,98.17486482479774,74.23031217699786
90,86,25.88296863853833,79.24268453907735,49.960881827897865
74,31,36.206313134193415,57.504909438688465,46.1541462284834
66,2,72.12575606985142,19.9288356723205,12.177477844822903
7,34,36.34130176004049,17.85752747099709,35.91989516939309
52,36,26.795213887786208,91.01006597071209,1.7840950171942316
46,40,92.43757438567613,55.484445809104685,55.34888442055704
74,18,17.189866734142743,66.47031854908542,94.68019703663823
21,60,53.10824052434122,4.613040116684619,98.46621783943978
12,63,25.35392166187197,83.0872108775091,4.15399806225868
35,14,94.46126936285272,10.444781743317543,69.75947453633543
69,59,18.34085600012626,2.1092889791358593,74.22017536588073
68,59,17.227656353369536,28.357546602270922,38.422914299924685
55,86,7.185717018834659,81.5113909751711,96.42002824903042
10,23,59.618868607481886,87.62629109005958,73.27892511891231
73,35,96.46746488509358,95.9666225416487,43.76298627237507
25,67,98.55584294347965,26.947690633386003,67.38636398043431
46,15,73.32707021909862,46.16637862057429,72.55888086332293
96,50,25.04995201541933,32.70757498167241,60.00193077745747
64,97,78.71062870885358,0.7358422172858203,41.692753293379894
46,33,95.62183503441612,48.73577237804536,32.112737295746264
59,21,21.88743894201288,11.087871157730234,41.18014328965005
71,85,13.119413265618752,84.1594494420993,27.18539917517283
46,39,42.36492370099805,7.0001507596432315,40.12724584590389
45,79,78.24846818398574,2.9311336062123328,92.75655562235218
48,3,90.91623352324277,67.85354992753157,33.23473233401112
34,60,80.8778550443593,11.103051269153607,97.89882657949622
86,43,56.61395314459535,9.83388690116942,36.53529790762954
76,35,81.03253283950272,24.04282796384638,5.677933802384083
73,39,30.01992690005467,76.4563521031767,31.422262698836313
6,83,52.30459313475764,85.0366176606405,53.938040144210866
75,84,56.923039617796945,11.566762307693745,69.05422114253092
0,36,54.19828274882244,84.72765801100519,17.671397330325988
42,87,17.8490630724067,5.477925617805523,38.68641923946955
58,57,45.76944763666909,83.02032077197973,78.96620512739516
18,40,54.79814455888614,11.540111690858401,28.190127058329807
51,99,95.77224523914938,87.12575621915549,33.56283675426089
87,20,46.55898031976303,90.03416302272046,23.747430507797784
37,39,15.714594884546818,29.817767830680907,4.74781885066935
65,0,62.76336591280551,80.30293655575967,94.76332052178029
61,22,77.6676548301988,81.91931038854744,17.10217368416943
60,94,13.741047042492804,19.124791076914814,70.5318613842161
82,80,86.36413454051096,21.609088472632486,6.618005573853736
35,24,70.89192057594272,9.321470344401783,96.35939406273795
16,64,98.45873049841491,56.91430469794073,70.27376507221726
70,39,67.48026925334885,23.228063082641203,89.57546116746926
36,18,27.02812398535488,67.36076205301407,92.35022250586304
89,8,34.449644136204796,47.006226854991475,77.63502437554945
70,68,32.5673225489063,33.900097382188434,59.25907199078534
91,8,56.207579114013704,51.456894074068046,27.738606027598035
12,13,11.034718611821292,19.609648487197816,79.45799585619969
13,34,87.50835544929568,45.13164402107736,9.760352436422481
54,98,98.24310371793669,54.993778539484936,58.33265496040462
88,88,52.070082513736224,19.717767250531026,10.06221340844089
88,7,64.36737599941095,10.767978374378584,3.145046320759737
41,49,75.95354473016552,47.743034254949436,12.775872389969711
87,50,1.8162572562608226,84.52596904948012,78.05078547443512
8,11,90.09308219316534,79.02985569131309,21.22350615465588
56,24,24.730337435356187,8.209883934481699,20.892395173104283
61,31,74.041165333316,92.56109902177113,3.6573114149031194
88,81,85.15607689067267,93.73260416454178,63.304590614282894
55,40,20.36557980760709,62.932182810384376,2.0649344546104786
9,45,48.05852537144043,6.271794543126285,70.73642644108558
96,47,79.58796576394136,20.600576596327137,57.862639458898826
41,47,63.275647122179194,58.96246880477612,85.94033677898317
12,29,86.15627298848622,7.5449746214949815,70.16674188156877
88,90,37.957580471539565,35.18704064976009,17.591817572752298
35,7,92.90313466208814,71.14424194594278,56.53259561312988
76,25,71.41067716012263,8.889886940901848,38.006171231799954
92,99,24.76725195184777,3.0360408967826436,49.29252405415667
51,34,85.35233112793094,97.28853629635803,42.95821570474718
96,54,19.291943782070643,41.14658258691233,7.110724234514754
39,77,34.894921434250016,66.9045160535992,33.05444345759753
95,91,15.042098321994734,34.46030883599861,58.75353520154148
53,73,40.653983399177875,47.53707741676403,90.31839644347204
32,82,37.66787640441546,82.7024350069853,89.11838120103575
53,16,17.287342187789946,43.39529226325391,51.646672396364956
46,79,46.52513140195546,96.340843128536,88.93139509648542
7,25,0.8468313012529705,68.10485449585852,50.33388287119781
95,59,84.52824646370212,55.36372938983517,73.13956426704232
72,18,86.72140744947994,19.335144827195606,52.69890564208583
73,18,77.2266173237063,51.13867547894656,44.38518194747642
3,85,88.11689951087445,24.3414806126817,50.168960853474346
74,17,35.898405757660726,26.508501409452744,71.00454786681168
77,48,37.1334140858904,26.675027630902214,4.363998116331924
44,16,8.102902414704992,24.932348952517703,93.69432380849182
58,9,45.9936785381592,50.82455582637555,6.4548446801436565
84,7,72.47966684642027,32.06738779382739,35.969295468544274
28,97,69.57835216337797,40.79559221928787,90.43273212658534
5,56,7.867568747679654,21.072554660478215,70.35573199875425
5,97,53.51605138995178,78.67580479145333,54.61767171356896
0,80,52.970408430791004,53.61073504660357,78.46774168749816
44,15,48.35942719639776,20.96215932264769,63.68115657573262
71,15,6.641843731197561,47.57502389265309,88.61601923818367
47,33,81.38375097957578,66.85531192870646,32.12287414218281
15,92,74.01231263261849,32.277686311373046,18.4986777279458
64,46,10.595407622155085,34.62241800257493,94.29059788168298
14,35,80.1829064774895,60.67787582437564,95.55503400013534
51,20,89.47545257891095,14.845873418852673,35.056837595942866
58,54,27.21104928015061,21.94629966335061,83.30281931688647
38,64,37.29352277050856,39.518017574739616,90.49415268341426
88,61,52.54742352781627,3.0985078527329457,52.8361201123028
49,51,79.5689062168356,55.12410094621728,21.765423584364385
7,16,43.13234916460477,18.142507284129316,42.59545666560919
61,86,69.17661424474647,72.88247443913677,2.230512718394695
70,2,64.6436944316122,24.83092415374638,90.64051018856935
70,56,86.408093061575,49.95034553085339,99.55800586274582
67,24,19.29101697071287,50.78363410980161,27.932749283595836
83,43,73.86591490893898,46.26552519807,46.75952612325395
74,2,47.14761762129761,7.457360509272249,10.230557214840852
30,19,43.15143307709558,3.0315957812289795,69.87771162242174
8,93,28.31882770167229,2.9231776998676406,46.60626129564117
43,61,31.212884935435735,33.96588114151999,24.924806536281086
26,9,46.1280481837981,46.181891411150076,58.25686356305603
15,62,1.249678208610272,12.303889366593058,90.22594415021011
52,34,84.41299078279091,2.043126635532788,54.973717492231636
50,64,59.354488420466666,76.3917122043773,99.83074530549837
31,17,81.46707949690699,35.60268745466143,13.897453192305786
37,31,83.84966485150554,67.00148273551909,90.48055634725524
63,37,88.59321662480426,40.845776438170645,6.0508232908715875
15,9,5.985519832816355,14.041025307898735,98.14675942886322
90,47,16.89951450308893,38.21967360354529,10.855778399899174
62,98,81.80905184146759,42.093705976487385,84.41439194579836
67,7,75.06283971726772,89.89629382851298,16.79250384750758
87,23,33.4010247082488,36.2758229980478,11.171888116417794
11,90,23.796122511146123,81.92947861197085,43.492799468806076
64,20,16.09682514604752,36.56943648069204,14.739665283596448
30,90,62.69034272756519,97.07704668816243,67.11306392571923
21,51,93.17541624199039,67.08513122542782,20.74529452244652
84,38,77.43672439188924,18.080670263261865,60.78705044170294
68,55,22.554839691969207,70.76048288032585,43.74992302113302
64,59,42.821108740166835,6.869315665053566,62.68561306961141
10,55,56.16424381308902,29.931822289432354,26.91274221152988
11,95,45.97052534937354,18.47128294635573,23.39888735968001
69,78,54.43273035292098,63.62206737730739,52.46956844738347
1,65,91.33272516525307,3.2119590509862683,62.40902475128368
77,36,6.675479870904788,42.65630910936979,94.37091082105552
64,54,45.92731588338964,92.20720917541905,52.771733321890345
77,97,78.28858840231473,59.61376444836798,1.565710509397289
50,31,38.2270965026128,91.41944310651496,86.42740590987452
31,17,80.51894526925497,41.0444900891601,98.92472746345604
71,72,70.24363579403273,41.69070828565745,93.55813309971617
43,93,79.29837905764892,55.5298170618277,67.24816149880061
14,36,54.853831342546556,63.984445965335425,68.24011849626822
28,35,65.82129810691345,21.374094777507235,1.8333453317540216
77,29,48.413429165791044,5.886296347156539,72.17511104148888
27,37,64.13507514935834,52.005164444299,13.051711065783012
88,44,59.206738080104934,96.68146120528058,1.8255756633329123
69,79,28.82532877807179,57.90349318178627,74.92309055848928
68,44,47.36130488508409,93.94581938916964,2.1630590604878264
31,63,70.59979128995208,99.94448785947091,89.56381030333903
99,87,59.82511374234777,1.8170038627900453,17.237176038953116
95,21,71.71106177752951,94.71542230475352,58.97151281708334
76,77,44.4490299513714,93.8103944815193,14.950774317967696
48,65,79.16136698660581,63.575219788022466,27.82979317874653
34,38,78.91342073124433,64.21578861275152,80.01150000122104
25,73,86.09695460993574,67.25638949063418,52.34546560304886
78,33,68.7403478055782,51.625108468085216,27.907354046061528
70,48,99.17323178311999,45.46787991295235,8.0719129094451
36,65,48.037670341590136,72.62761609652298,80.72668397178332
86,46,20.08621269612606,40.574684245259654,59.9961105978788
38,64,6.637573634607374,30.33137902575299,11.816073010150985
50,95,10.522425327145356,22.689379613963425,92.54737125246677
54,65,84.51359641458424,71.24790304712944,40.7358018928605
50,82,69.0964894357029,3.207742937458924,74.20948966018032
34,35,86.1729126213474,35.450823328310975,70.15510733441859
66,57,84.77298074902978,14.457134611240996,50.60140764999218
46,59,89.61662786558871,21.099748124372255,41.65739016553584
41,70,16.058332699389165,89.33204851753884,30.890241954021313
31,42,28.133602031167726,51.12145409917852,6.171709164081463
47,89,68.85162681172294,76.2386274684753,91.57538197030591
62,78,45.05812724488204,94.02670858354816,49.4982166493002
54,48,23.182087332420053,40.10002898158409,10.832682012379403
28,49,58.7402096531857,45.247184174015146,98.94237585927078
43,69,51.989607809418445,70.07576742070246,75.67659885278357
92,10,31.25884664464691,8.552161446914718,90.82768532139802
17,52,27.690035586867868,48.208920849549095,69.87224209880175
17,16,81.79916973464061,30.326872394982917,9.60273634524521
72,2,67.9005054026307,54.665200884285845,74.61600345090307
36,42,93.77129807443055,19.53306639083998,8.069273182504745
1,71,16.3728528828605,8.902827470331665,70.27442639640653
48,32,78.42978284862717,96.46424581086058,97.25596076021878
86,31,79.71240443544274,49.73920479434308,82.58678904545079
82,42,73.27726196346109,71.0927190038258,91.97984924088935
42,75,56.541433830769805,49.539583882430115,77.54608771897982
83,33,99.9084668237039,6.723037779279872,73.08611838679352
78,53,43.49351403064108,36.879390240559296,11.386543246893977
73,94,57.32129776405278,1.399488965156137,2.0036588978460723
36,54,78.22446907859437,77.62803037116353,48.11773331036158
30,74,32.689325479083955,43.74905547400903,14.868561394652058
84,15,53.666510998561265,87.07786665545554,30.15983324228332
15,72,18.78245644520571,50.63097089961306,23.084592879874155
68,16,9.260738353163344,73.47441880832652,8.205645804639971
69,17,89.68673578205754,99.73084495285426,6.3057664219019705
90,36,67.87880070238091,24.031490495180684,36.888043902296964
0,50,4.94098321208768,67.51130233815225,86.96365203959112
35,80,72.55638114294285,24.226364140631006,2.7029799513853425
73,0,64.42015223345658,47.241202482124166,38.812115593323504
2,4,17.036357463845818,0.09507938372140812,54.86343187112672
76,28,53.77850404065676,85.99436606032185,3.235092380316096
85,49,55.67152517095776,11.667930143896987,16.60389638542129
73,84,90.39351513861034,61.74481782688832,93.96431025447599
8,98,93.81008679655889,47.17957255992551,3.907158913744402
25,78,9.588713874507192,56.31423806478859,11.201019351222419
76,22,65.85381038422412,9.00760257242541,81.76584470477832
20,90,63.29397565942627,29.515970729107245,49.55451931912561
76,80,6.565414835972183,70.52907853157573,10.37516892199124
65,88,75.68947443629125,9.713576813846437,30.381682568948463
52,8,52.01613228301402,34.040833825248505,92.44519456672448
4,8,12.916802655204219,93.62973949407758,44.25017490245051
44,99,95.31425127634697,50.70666369006359,45.663935630076594
94,25,60.718945581557335,86.95730123611592,47.35077230863391
70,8,8.33076374926377,16.118778790483557,27.38058206310988
47,18,89.54954374716183,39.25697612838094,82.83424592871131
33,43,97.17578796618892,67.555430177872,28.600389451777442
76,57,51.38874507037916,3.5273109892491883,53.86903613152637
80,43,2.8791512884812187,24.975061831482503,11.874064582487144
43,9,71.10349192781639,82.64273621283662,20.65206442035068
5,37,45.48297078407827,96.05285962084916,11.870995645440651
55,54,73.80420494329147,19.34883677378796,24.60949016133469
82,89,17.57675945043774,68.63100777925129,49.317809654697406
25,30,37.258480309047556,30.01331164409852,7.619691690737307
8,70,99.54132771820723,77.77830833689632,96.00239480557443
44,35,46.031745794598244,9.84328834896594,4.7488455216541325
22,71,84.0697242180744,5.719078971304126,75.42270499744946
40,88,32.22342796832114,15.400156517874619,53.70543578988784
64,48,40.032618780009564,92.71495663046733,78.58012258501704
33,42,5.043074352354626,7.397435779065942,48.622730600704585
63,35,64.4611187146164,55.292245970280405,83.50908491867901
23,16,45.90042629484127,59.28697582987198,26.276277854646136
18,16,7.413260576129909,52.58323355272726,56.21861100945775
27,81,92.44231822691751,43.804280731761935,98.54921480441176
64,67,57.68391706785556,33.56129875542333,5.77290549695002
85,69,11.02253760630395,82.15765644322103,35.714999746817355
91,92,95.23081186489759,36.68355294510363,99.1709576533254
37,48,11.054721679308466,81.24732244831958,50.9096628251812
86,89,71.35471787065117,78.90027805288878,73.70003513549538
2,69,8.18960798643712,28.40032698946784,46.370071730496534
99,91,74.93474230594373,51.04535930012308,55.70019019270301
86,70,10.873645711178536,63.96540738175784,71.27720795424672
18,74,75.86424816477938,93.2162391751297,34.68065086498087
74,78,28.883190647332533,30.157638044692813,92.9830558211423
49,72,33.09467048683581,75.8996003003314,99.86934650591796
26,75,1.536695700861579,57.7272100759046,50.135178796248304
64,6,27.432360204453822,67.80011753133945,1.7961515348163148
25,6,89.06846635897848,84.96854803972235,42.157563757671525
82,35,85.19498813998042,8.48297520633895,94.53709765293812
9,33,87.76200664387372,75.02330181205394,83.4777283177165
57,93,98.45827203922667,12.519039232145978,58.84705673289352
15,71,14.963577333339039,80.64394445239695,21.503191055232506
44,85,62.570188702391626,12.457151886602546,32.800715292500925
1,57,9.973163011141118,47.19501019237744,58.432966823220326
8,33,68.56313816134357,27.372927825461023,61.155634369014486
17,53,58.55430209142746,19.296122331340946,61.30404871222941
50,84,92.7494007532522,48.28820093472065,25.074342364409354
98,62,64.66189322751713,30.04010301985689,26.126270445877033
18,79,4.874282167022348,88.04218384203593,45.36846674660693
23,28,44.86904310424591,84.52286307500336,57.799907659636396
92,22,64.59614265870664,81.5767146492229,82.48904260227215
87,65,98.71628709883585,18.23193549813985,72.75652830005902
81,32,27.87630401719342,76.73437202882005,90.8123937856835
21,9,13.22175297263567,65.20836041264677,87.57769507304741
94,8,54.16869436413755,90.0689857784618,32.150259078880794
68,64,75.38145267090532,81.09867224902278,42.60036920004197
50,40,90.26569645034884,73.96870433963427,22.495791331548087
93,33,11.396391631007496,22.291148412236915,54.9362517867942
55,31,96.92790397130547,92.6419088201113,75.65746026311054
3,8,62.345755017489154,50.53183050388972,99.32527347773036
52,31,48.84162772129823,83.24467176300242,89.32399226117064
82,88,6.772466241243569,8.144397826463546,5.786046659272315
52,10,37.29841733615867,1.5787475469381862,12.196514333431985
11,28,17.54009141156714,50.32629122576851,88.58552127849418
47,27,73.32518451029394,0.2726449207631543,42.239734821095986
34,44,96.3163135211611,20.014960939557003,90.21817061702849
46,64,95.38970335017468,89.69736173621702,97.06315933462453
73,29,35.97685873056678,24.72571724639193,61.596280044042636
1,83,87.55197033178914,23.347327291009535,80.2698736443205
33,71,20.837867964628053,94.23615396675686,0.5634764274550452
93,71,17.275143278779627,43.242947316914346,46.90971279281187
42,42,16.714210259423,58.56598681827661,57.97705521666183
84,93,80.88380180095089,10.81860995780719,99.50909728282276
79,67,84.82320960093749,82.09969960275396,46.53460935243097
52,55,56.043357849597506,25.332367904673937,42.675919357309496
13,41,21.860027634120136,20.99231432196148,48.85648064283677
94,92,20.462567596676816,77.02337660170264,27.1271286825447
77,98,83.34301339289571,5.793059354649022,15.63932154532852
90,98,90.95584144362994,36.35368717982996,28.57325722042129
25,35,97.2869612778339,37.37785635883505,11.076282124376402
26,90,79.59558549647011,15.508429543101698,53.585188844863254
93,77,89.86849294880096,67.42764645988312,90.40016597898877
58,71,26.29590889912201,63.951210922088094,69.2115179635856
13,22,33.74564564283825,51.183765613131506,11.914163630224984
44,40,66.63624705935338,24.525471160472666,76.88829207167012
27,5,36.76115085493422,96.62435572149735,73.08268478249215
73,2,61.43938001050542,68.92395775514166,72.82981009973084
14,68,45.76586822016686,66.49226601711219,2.3739236788584583
72,86,38.40333243717965,39.00196836310382,84.8146957349688
81,90,56.402612401458505,41.4667290712253,17.526476593797323
12,58,53.37127846724695,0.01546858355504499,87.08441817734165
20,12,22.789967428139324,1.6702155801144203,25.951760979529727
67,33,46.81964483422716,75.63976990159382,38.417043033473774
51,55,46.67688654425851,19.16848221687286,5.780467877952056
38,9,22.96403789004865,39.86545796624327,36.38759827287225
63,50,56.71533400729957,71.60312383699569,41.956559918117385
70,73,94.6622363462886,28.83973755067213,36.01063526955844
94,90,86.48696401107206,10.700721955048909,37.33016612712593
37,1,59.41994235566065,56.35977316169812,99.80722705574348
81,60,97.55796824899069,65.1004718194288,3.238737625779753
38,55,19.45456158401694,78.88772918414053,79.46696173466026
26,3,47.721596217321874,78.47257122698214,90.69912181844202
71,72,64.47676524570097,34.84719743287069,80.74001556395062
1,28,97.05850633484677,51.31229441543766,6.100671491064624
51,15,54.444005952692585,29.460536022074237,22.850226739901846
57,75,56.67596785877975,38.44582906024979,53.626932951496954
55,23,67.45347707364799,9.94491663281254,75.03998208546724
65,96,27.37989002309551,71.66540845855953,18.890411409910225
81,50,78.61405574009505,96.57571652592573,57.58673354995335
46,76,34.22561425913021,91.44832895880019,55.85520105658747
42,52,36.578464169536105,81.03637510192041,37.08454326758428
96,71,49.40249756491048,29.902306925133548,53.73845315748038
45,12,36.49126602122339,2.778836921762562,51.46922033801089
31,0,9.965393153869872,25.82981193395404,75.52879499306438
82,50,78.80865364543249,56.83746615507318,23.93357748837276
39,65,10.91590620645716,28.476399446503553,4.788748715774494
85,56,60.80649267069099,54.38748436136195,43.79876495602822
76,2,34.405965137325424,39.79629990819562,59.468462872740616
16,12,1.3090533769312351,6.408975625934488,49.94671382473573
80,82,36.862012306602786,18.786348839121114,45.61798692903633
38,57,12.191400226322923,94.95854739892235,25.630295693605532
2,50,56.05863707204891,91.72771661300133,24.98223711424132
38,8,4.80834140334464,31.311867584056706,8.904847739994926
64,74,23.766370494922484,67.38380670689608,0.9363762409509535
1,17,68.06173563094656,69.13747373215053,44.36552305597131
59,67,56.92605234459278,9.693470034610453,29.40460022908582
63,88,44.165261220565846,12.525081692176043,48.42913294396291
59,5,93.70672798441039,60.39741956085709,41.831313929113776
77,39,67.86787992349203,10.916231408112099,14.775251700221704
77,72,83.30698755532265,54.650101042094924,1.6741729957381768
78,50,97.03933811605245,78.7732313439023,67.37195673393394
67,85,63.17354617563606,12.928046815543725,82.48119288195987
24,78,66.78657584883292,90.84857304208506,80.83009830602155
50,24,95.17866459961708,69.35002600488122,51.0232979990338
29,61,31.85375225821906,73.35377931367707,92.88761975478205
70,90,88.25565487337443,18.000920721971426,29.408057082040983
83,22,39.00976149804881,4.415509970574605,61.565151128318455
96,93,46.908455134521255,44.2554313260308,64.62663616789477
90,75,24.99965651336453,1.9733633887946689,53.61277116659669
30,69,41.51071307501895,1.7536034697969938,16.569442428108726
59,20,44.99407851972271,1.5375586198267177,90.96925323470461
24,63,24.662336599932754,4.455906631503071,9.133876202304315
43,68,41.15119660063845,26.910605281329392,72.65516002342066
51,41,4.361911597736512,69.38880316150946,16.077495184363933
97,28,87.76561941958867,21.596697624532656,51.010360396886725
77,2,79.298107411891,10.710861366763268,72.83359417406679
11,57,33.76476672809202,24.555865235771645,64.26216634580116
87,76,78.24378821947901,6.200247146542404,71.80571428762352
19,45,48.07632379787995,75.62986704398007,52.68131094429782
19,71,16.508043061228683,47.34302263234377,12.943643727465993
66,42,97.23834790046487,84.14039243268972,66.86478267877102
77,86,21.29959793927427,41.4150508898097,97.92846411469912
68,97,67.51126156172018,18.730029428466853,61.78643729145175
67,15,77.16166585117927,23.378846737585192,69.852186549319
67,87,1.514619780148252,56.11206729593208,98.80073703120195
58,12,25.069851627065454,23.684091719412937,66.01036302110894
68,5,11.651456986430574,66.32840997792444,79.48612811930997
25,51,23.00685932173925,98.59644032524645,34.34487019186568
80,61,67.00206746979048,48.26539547144454,41.17369582961384
6,17,58.65283761935274,43.939647536243086,90.5359108358589
20,13,52.0780301338881,20.600296505531436,28.903092699245438
80,58,6.616943828416155,96.5010884445112,79.67519472382696
56,30,73.8533561647975,68.08948855559116,55.73403610960227
48,78,22.308259341325932,64.60081352106886,41.47812794758345
94,87,32.94515554612296,77.4035886262832,72.8719195365613
59,76,44.40856779743656,91.72419872358776,5.10556429969885
35,24,16.004403221377427,50.18760046603212,40.901436597846505
12,71,94.21073431488676,52.40136409873969,85.48138532585386
49,90,58.68460097161867,90.99072565101625,74.669051537876
6,85,82.08295232445877,19.6742489650816,54.914998839120344
48,91,71.33494928002538,19.7990663180718,75.98728683550256
62,34,14.620563165709456,60.63048390153555,23.50524052379088
79,99,65.47675010390773,66.40398686409615,76.78954881086992
98,53,7.091907728026681,45.87060497554813,33.90725089017606
42,62,44.8423946501111,94.60394795246523,50.93329649269395
68,9,45.59564082505493,95.69094241226487,41.163434642661386
39,48,43.03832070649989,18.936624733409722,78.30328867437179
97,5,52.24666632326306,13.603993382453528,66.22331488191496
65,56,14.243574476290044,48.02832670078507,63.39975228405713
80,85,15.585067398187935,21.0103475132533,12.960352463609027
38,7,94.3645081246519,64.81488660068891,20.703606322948453
31,53,74.89260825268966,23.36723646055916,27.239116814542086
16,51,43.37858011712863,84.608461386158,26.699720637509174
98,62,67.92425249528151,40.07851662184467,97.29834340513204
21,92,95.12737621854276,74.45281394901698,46.11075944580324
73,53,84.569930492966,73.58547102578204,37.298611951711614
61,87,71.09378819649064,99.11754975150109,43.610961059895146
48,61,68.45580389029227,97.87111151342863,26.295795467926595
27,77,21.84755921401591,59.711548713734494,29.98995180740297
95,22,48.53986494135945,3.6126081358308526,48.72565854795579
25,24,16.391336289467485,90.61300854859333,53.26356084610061
19,80,73.10526058942384,61.27705146325246,26.194758501817894
98,3,8.742218498266885,54.84852565790197,22.668532183386358
43,57,67.74659839056329,81.21008406542973,45.410990794365404
62,40,1.4057713595260868,42.375963472289,42.85182005658976
93,73,0.10567263537432092,7.519808103558557,6.996176137418974
8,17,3.5558209078068614,94.26894348067174,34.22513073441659
8,12,20.304308568030493,23.24912666050516,35.94034967416
84,71,85.13933685581657,54.38387481933684,95.73592334949998
80,98,99.05886589489212,4.602832279605773,8.140677841743615
14,17,61.675276999908476,78.73180432512403,29.606425584550845
88,17,78.63363847805542,21.465557570460458,75.83614142008703
50,44,43.51231061527909,28.14554775202155,13.411963276579952
12,41,66.12212537645166,17.74866003742891,32.55363516103172
72,75,46.142103667359535,92.53583182037258,36.99061697095918
14,28,31.02964703713511,51.483438928386214,48.82889486824076
22,28,79.86015827533193,51.4518289733735,66.62945022178583
42,34,96.539326456925,20.923875797269798,32.74510476974169
36,5,24.95462248682603,24.160954265510547,5.08903704807655
6,5,87.99773281935484,15.116799560212158,32.89275368974699
2,37,95.55463926384229,85.64090767997278,50.080136061643344
36,34,65.80638088767834,62.42773098125095,46.88553493718936
13,8,2.9734711865292085,42.780821541511216,56.5811924337264
96,97,90.71639296129696,53.47064633186134,4.997153554088629
76,4,34.76789953020108,28.198929638790393,21.409175935791836
46,36,98.56174475485736,5.607992844379883,29.52304009131651
99,20,61.191561149484045,9.49890955426106,62.04667692330374
91,97,41.7050149960302,38.53939756491492,79.85632621655161
19,29,32.93028330379239,71.12051458955612,70.14640330376253
91,10,50.597916104681616,80.1587967019446,84.1051367766861
32,60,54.338104424575285,2.6150863706602245,88.34624430962063
72,52,21.242405117183306,65.79436780684476,82.8193788950572
75,33,74.80617605407043,26.71957134491518,31.128575303680105
93,68,85.90475938953327,36.94194076021652,78.87046597569048
50,17,30.37385825131048,55.48942235262293,95.7303390033019
93,72,95.16301410503004,52.19524728403439,4.023767401873457
56,40,47.76881066254312,44.43432073165777,46.3785003482914
27,10,69.75284516783489,82.72968951429057,98.96924855658146
41,65,15.648740647600723,61.74454986427622,65.90480567900366
35,38,22.98368854586942,68.1145276248149,37.624135269935046
23,63,87.69711375159785,17.860956459693277,83.9917557630357
89,2,83.94343085856109,43.68646526456747,42.641444401846854
1,3,87.9195727165802,60.38618550035577,72.71176626412269
43,90,85.7436531813722,44.13234056621735,99.31419410188296
60,33,22.696720159367135,22.7684887056272,50.081762050235355
66,86,81.57405720120933,73.70482896347826,28.964470774262264
38,15,46.069430683671186,35.78414032330378,71.27095916579604
5,38,19.281575999256628,46.7892185125845,84.31592427292468
68,51,16.278591216679892,41.26140759440753,79.5364783317013
62,83,82.09015266628761,17.425581114525592,38.29716736191324
75,46,59.106376040203244,0.009903638509545232,41.600634299784275
22,26,11.832210928514886,23.361331763462857,7.351195002942434
85,45,53.24262610064928,5.017986315153755,33.884791998832675
97,45,54.798574864708506,42.665611245950345,12.325859637921466
97,74,35.980053795994685,32.55949232467985,82.69649464651529
56,8,69.05148714427958,84.00611150118151,34.14047270507658
59,23,39.23892469510811,88.3395628109536,38.03132398419439
66,14,59.97586449581899,88.10674837983832,65.69330504641597
17,91,24.926450779586627,72.4371047951708,5.00953424014704
87,42,74.07902472102734,38.87958623710289,78.44436528370399
47,21,94.44800038626533,97.81553018257567,58.67686234716947
10,48,49.51267844903929,32.66489722511754,50.501708955366176
63,17,73.0795764347031,3.3463666316429053,54.32524968433573
70,17,8.559044650583903,81.00171290636611,15.89274635876815
94,36,56.1133965806205,41.468883994650916,50.655480720366064
72,51,46.36140208890917,69.70189951524975,14.499443498414767
55,81,7.678140446582448,55.43181046130445,78.14609733481444
68,39,17.258474510811062,69.05553498740467,38.8123918076965
61,39,97.42704604224336,88.58916581997921,91.05486343941573
79,83,60.79856473874975,84.25416855450914,95.05977193349887
50,37,68.11690970866442,49.08395305287504,14.120046193738112
89,93,54.589375800261784,61.39502537079965,85.27852825577277
55,36,38.27412815891209,76.17757489023192,44.21342725334628
20,41,22.62021932510081,17.09844283729104,59.65562517433926
61,4,12.622822018295155,63.30658133030372,96.83531089291537
67,47,99.48970956886795,17.914060828878142,7.865795151711252
48,10,66.06225263065078,53.74828920145617,15.634478442479194
73,55,11.01726287472944,11.023168835607933,79.48954441015552
40,16,55.6593210236214,8.314122217863995,16.13738279353053
32,56,37.25315360471316,54.48362011475152,97.15542675254953
48,7,72.96560394919902,10.041884906121467,86.17930916993748
62,94,10.223873115137927,13.669754398958645,78.53733417706762
58,91,98.6235366400246,60.42946746234621,42.013827411878154
79,38,17.337559897103727,82.08763902422172,17.227988445644204
73,0,12.116559121075577,55.13635978921999,28.04123210354407
55,45,23.31896112021966,94.38337458377299,83.59541984202123
46,59,16.504590942420762,65.93250508903873,44.626297432068164
71,19,27.08285876173412,45.00866855878828,49.8452361239755
15,2,78.77834510946441,77.46268044250819,48.0243345492632
71,33,66.80005179747212,67.56932969730983,40.84089828202671
98,44,77.6608863647909,89.96669991493079,94.99054411251325
89,41,61.27637499452858,2.6131156142924827,86.97258120249329
19,56,94.77774266649047,74.93240918560105,5.237361698752929
7,47,20.63323994545755,36.878271800033545,14.081816068308884
16,77,72.5274891291575,95.50292099426349,28.56875248340518
82,62,52.209360362820554,66.11178685668884,92.99778726692112
37,23,34.8110216985148,87.56601394061802,39.65017085520278
57,80,24.846442330359576,69.35196920418315,12.267337706276582
30,45,87.27327233484158,15.728250041251247,47.42757652730623
96,8,58.702060542954705,99.6250671831006,20.32973926407804
15,67,57.58893031045069,20.966172505411663,75.96930397066852
45,79,2.088859798106568,53.54105029695564,83.4266402620019
96,19,70.32855942055963,73.59183898344001,28.95407564260608
49,9,50.787865512481545,98.76314126670994,53.51674374958457
98,73,12.299167439737191,41.40111251679458,88.31620269912645
72,36,28.383992336405615,55.646206346645876,30.07614447372645
62,65,16.860745983758274,75.82671859541936,96.46924402036335
50,14,31.497152854683808,46.517989992778595,70.28178367433163
9,44,17.052091907676637,83.31271017161718,6.8224041566376625
78,57,23.857229431786998,58.32512779647839,37.167929454983216
76,94,24.87158244569795,68.02748096883128,63.42222044097626
24,32,2.605876089029313,20.077609082065926,42.35178292990508
28,42,31.1824851404758,71.09260321394981,14.992244293680002
92,61,63.70609529089681,41.676973847034425,95.44334614307
43,13,10.940605468095532,88.18323780713165,5.433140313168128
99,14,68.03469106488419,29.99900186212533,27.725874549222553
84,23,97.48904611038812,5.617010307154835,31.723268479251786
44,45,0.7082710157262806,3.5999220284143485,89.23491267426478
11,90,70.79734189806977,45.08785405923956,63.66819691282299
21,96,49.577101209885086,16.13387923648397,45.44863830627247
30,22,93.956471056452,23.081433219785076,35.06874364356979
18,84,83.6200882180136,61.1169663374446,40.20501482751758
53,43,27.102057760737942,85.2097565675534,83.70566389299404
60,19,77.04676484021292,16.387905436352725,38.19889299526294
41,74,81.23399987047036,96.15319093370753,60.34285223868716
9,45,70.57941040685058,13.444374542786598,38.3768146391443
2,98,90.20107350743358,7.085971160013371,15.499700562974294
49,23,65.86951309878371,23.056818005258172,54.5171298577262
58,47,9.32669059814587,54.14239789117781,13.031604692428855
66,61,51.84910552231546,40.205029398407696,73.19706101908932
86,53,65.65065720506334,98.48431332592317,27.40833251021173
68,56,10.05729768705762,17.555088014427866,44.10465426880834
75,69,11.40240390539633,74.60367804226108,15.192063077136432
89,89,56.81409987543533,2.2235994820198446,42.895181605330315
44,95,57.7430169548387,21.385749211208083,48.51959112644405
24,15,88.61599117265291,75.00860247727303,75.53386517815989
52,12,42.02852857955175,16.280996128415204,63.066515422039274
78,24,21.82660569335859,37.24485227089459,76.0302259187944
20,76,6.275655846927142,35.12488711573848,50.06163966330873
47,16,74.02840722333985,63.753326257353116,14.051279825721242
47,46,85.77319740181379,78.85452300510471,19.061829853019763
74,34,70.79717513126373,9.802382590425385,82.75995951966561
13,9,5.598565332073802,92.9786997185239,83.34602108949045
19,42,60.32796630310971,90.18643179383417,49.5703895483399
